:040000006F90D036F7
:100004000000000000000000129B0000149B000090
:1000140000000000169B000000000000000000002B
:10002400189B00001A9B0000000000000000000064
:100034001C9B0000000000001E9B0000000000004C
:10004400209B0000229B0000249B00000000000075
:10005400269B0000289B00002A9B00002C9B00008C
:100064002E9B0000309B0000329B0000349B00005C
:10007400369B0000389B00003A9B00003C9B00002C
:100084003E9B0000409B0000429B0000449B0000FC
:10009400469B0000489B00004A9B00004C9B0000CC
:1000A4004E9B0000509B0000529B0000549B00009C
:1000B400569B0000589B00005A9B00005C9B00006C
:1000C4005E9B0000609B0000629B0000649B00003C
:1000D400669B0000689B00006A9B00000000000013
:1000E400000000000000000000000000000000000C
:0C00F40000000000000000000000000000
:10010000011122CE0010F32700302326F4FE8327AE
:10011000C4FE3E85724405618280011122CE00102A
:100120002326A4FE8327C4FE739007300100724487
:1001300005618280011122CE0010F32710302326A2
:10014000F4FE8327C4FE3E8572440561828001115E
:1001500022CE00102326A4FE8327C4FE73901730FE
:100160000100724405618280011122CE0010F32744
:1001700050302326F4FE8327C4FE3E857244056179
:100180008280011122CE00102326A4FE8327C4FE04
:10019000739057300100724405618280011122CEB4
:1001A0000010F32700342326F4FE8327C4FE3E8587
:1001B000724405618280011122CE00102326A4FE24
:1001C0008327C4FE73900734010072440561828066
:1001D000011122CE0010F32710342326F4FE8327CA
:1001E000C4FE3E85724405618280011122CE00105A
:1001F0002326A4FE8327C4FE7390173401007244A3
:1002000005618280011122CE0010F32720342326BD
:10021000F4FE8327C4FE3E8572440561828001118D
:1002200022CE00102326A4FE8327C4FE7390273419
:100230000100724405618280011122CE0010F32773
:1002400030342326F4FE8327C4FE3E8572440561C4
:100250008280011122CE00102326A4FE8327C4FE33
:10026000739037340100724405618280011122CEFF
:100270000010F32710F12326F4FE8327C4FE3E85E9
:10028000724405618280011122CE0010F32720F113
:100290002326F4FE8327C4FE3E85724405618280D6
:1002A000011122CE0010F32730F12326F4FE83271C
:1002B000C4FE3E85724405618280011122CE001089
:1002C000F32740F12326F4FE8327C4FE3E857244C3
:1002D00005618280011122CE00108A872326F4FE58
:1002E0008327C4FE3E85724405618280411106C6A3
:1002F00022C40008B71702409843B717024013679B
:10030000170098C3B7170240D843B71702401367C6
:100310000705D8C3B7170240D443B71702403707C1
:1003200000F91307F7F5758FD8C379200100B240A3
:10033000224441018280011122CE0010232604FEB6
:10034000B70700203777DC02130707C023A0E702B6
:10035000B7170240DC43918313F7F700B70700207B
:1003600093870700BA9783C7070093F7F70F2326F1
:10037000F4FEB7170240DC4393F7070891EFB70785
:10038000002003A707028327C4FE3357F702B707ED
:10039000002023A0E70229A8B707002003A707022F
:1003A0008327C4FE3357F700B707002023A0E702D6
:1003B0000100724405618280411106C622C4000812
:1003C00031200100B240224441018280411122C605
:1003D0000008B72702409843B7270240719B98C393
:1003E000B72702409843B72702401367270098C3F6
:1003F000B7170240D843B71702401377F7F0D8C3B6
:1004000037170240B71702405843D8C3010032449F
:1004100041018280011106CE22CC00102326A4FEC9
:100420000327C4FEB727014093870740631CF700EA
:10043000854513050020EF404075814513050020D8
:10044000EF40A0740100F24062440561828079713E
:1004500022D60018232EA4FC232CB4FC232604FE51
:10046000A30504FE8327C4FDDC432326F4FE0327F3
:10047000C4FEB707F1E09387F7EFF98F2326F4FE68
:10048000832784FD9843832784FD9C4F5D8F8327BA
:1004900084FDDC4F5D8F832784FDDC43A207D98F69
:1004A0000327C4FED98F2326F4FE8327C4FD032728
:1004B000C4FED8C38327C4FD9C472326F4FE03272C
:1004C000C4FEB7F7F1FF9387D77FF98F2326F4FE99
:1004D000832784FD984B832784FDDC475D8F83272A
:1004E00084FD9C478607D98F0327C4FED98F232616
:1004F000F4FE8327C4FD0327C4FE98C78327C4FDE9
:10050000DC572326F4FE0327C4FEB70710FFFD17B0
:10051000F98F2326F4FE832784FD83C74701FD1747
:1005200013F7F70F8347B4FED98FA305F4FE834773
:10053000B4FED2070327C4FED98F2326F4FE8327F7
:10054000C4FD0327C4FED8D7010032544561828020
:10055000011122CE00102326A4FE8327C4FE23A06F
:1005600007008327C4FE23A207008327C4FE23A419
:1005700007008327C4FE37070200D8C78327C4FEBD
:1005800023A807008327C4FE0547238AE70001004C
:10059000724405618280011122CE00102326A4FE40
:1005A0002324B4FE832784FE91CB8327C4FE9C477B
:1005B00013E717008327C4FE98C709A88327C4FE42
:1005C0009C4713F7E7FF8327C4FE98C701007244D6
:1005D00005618280011122CE00102326A4FE23246F
:1005E000B4FE832784FE91CB8327C4FE9C4713E788
:1005F00007108327C4FE98C709A88327C4FE9C4719
:1006000013F7F7EF8327C4FE98C701007244056112
:100610008280797122D60018232EA4FCAE87232A6B
:10062000C4FC231DF4FCA30704FE8357A4FDA30709
:10063000F4FE832744FD99CB8327C4FDD843834729
:10064000F4FE5D8F8327C4FDD8C321A88327C4FD92
:10065000D8438347F4FE93C7F7FF7D8F8327C4FDFC
:10066000D8C30100325445618280011122CE0010AE
:100670002326A4FE2324B4FE832784FE99CB83275C
:10068000C4FE9847B70750005D8F8327C4FE98C704
:1006900019A88327C4FE9847B707B0FFFD177D8FC1
:1006A0008327C4FE98C70100724405618280797176
:1006B00022D60018232EA4FC232604FE8327C4FD83
:1006C0009847B7074000F98F89C785472326F4FE6E
:1006D00019A0232604FE8327C4FE3E8532544561BB
:1006E0008280797122D60018232EA4FCAE87A30D38
:1006F000F4FC232604FE232404FE8327C4FDDC43EC
:100700002326F4FE0327C4FEC977FD17F98F23269D
:10071000F4FE8347B4FDFD172324F4FE832784FEF3
:10072000B6070327C4FED98F2326F4FE8327C4FD12
:100730000327C4FED8C301003254456182800111F1
:1007400022CE00102326A4FE2324B4FE832784FE99
:1007500081CF8327C4FED8438567938707805D8F49
:100760008327C4FED8C319A88327C4FED843FD77C6
:100770009387F77F7D8F8327C4FED8C3010072441F
:1007800005618280797122D60018232EA4FCAE87E1
:100790003687A30DF4FCB287230DF4FCBA87A30CB3
:1007A000F4FC232604FE232404FE0347B4FDA547DE
:1007B00063F6E7068327C4FDDC472326F4FE834760
:1007C000B4FD138767FFBA878607BA971D47B3172B
:1007D000F7002324F4FE832784FE93C7F7FF032743
:1007E000C4FEF98F2326F4FE834694FD8347B4FDAF
:1007F000138767FFBA878607BA97B397F600232453
:10080000F4FE0327C4FE832784FED98F2326F4FE3B
:100810008327C4FD0327C4FED8C785A08327C4FD52
:100820009C4B2326F4FE0347B4FDBA878607BA978C
:100830001D47B317F7002324F4FE832784FE93C7D4
:10084000F7FF0327C4FEF98F2326F4FE834694FDA9
:100850000347B4FDBA878607BA97B397F6002324F7
:10086000F4FE0327C4FE832784FED98F2326F4FEDB
:100870008327C4FD0327C4FE98CB0347A4FD9947F3
:1008800063E6E7068327C4FDDC5B2326F4FE83478B
:10089000A4FD1387F7FFBA878A07BA977D47B31776
:1008A000F7002324F4FE832784FE93C7F7FF032772
:1008B000C4FEF98F2326F4FE8346B4FD8347A4FDCE
:1008C0001387F7FFBA878A07BA97B397F6002324EE
:1008D000F4FE0327C4FE832784FED98F2326F4FE6B
:1008E0008327C4FD0327C4FED8DBE9A80347A4FD82
:1008F000B14763E6E7068327C4FD9C5B2326F4FE2D
:100900008347A4FD138797FFBA878A07BA977D4765
:10091000B317F7002324F4FE832784FE93C7F7FF61
:100920000327C4FEF98F2326F4FE8346B4FD8347D4
:10093000A4FD138797FFBA878A07BA97B397F60083
:100940002324F4FE0327C4FE832784FED98F2326A5
:10095000F4FE8327C4FD0327C4FE98DBA5A08327EC
:10096000C4FDDC572326F4FE8347A4FD138737FF1D
:10097000BA878A07BA977D47B317F7002324F4FE96
:10098000832784FE93C7F7FF0327C4FEF98F23262E
:10099000F4FE8346B4FD8347A4FD138737FFBA876F
:1009A0008A07BA97B397F6002324F4FE0327C4FE00
:1009B000832784FED98F2326F4FE8327C4FD0327D3
:1009C000C4FED8D70100325445618280011122CE85
:1009D00000102326A4FE2324B4FE832784FE99CB93
:1009E0008327C4FE9847B70710005D8F8327C4FE96
:1009F00098C719A88327C4FE9847B707F0FFFD17CB
:100A00007D8F8327C4FE98C70100724405618280F0
:100A1000011122CE00102326A4FE8327C4FEFC472A
:100A2000C207C1833E85724405618280411122C69E
:100A30000008B72701409387C7449C433E85324452
:100A400041018280011122CE00102326A4FE23241E
:100A5000B4FE832784FE91CB8327C4FEDC4313E7D7
:100A600007408327C4FED8C309A88327C4FEDC43FC
:100A700013F7F7BF8327C4FED8C301007244056192
:100A80008280011122CE00102326A4FE2324B4FE6E
:100A9000832784FE91CB8327C4FED84385675D8F6F
:100AA0008327C4FED8C311A88327C4FED843FD778B
:100AB000FD177D8F8327C4FED8C3010072440561F2
:100AC0008280797122D60018232EA4FC232CB4FC3A
:100AD000232604FE8327C4FD9C472326F4FE032718
:100AE000C4FEE577FD17F98F2326F4FE0327C4FE25
:100AF000832784FDD98F2326F4FE8327C4FD032793
:100B0000C4FE98C70100325445618280011122CE93
:100B100000102326A4FE2324B4FE832784FE91CB59
:100B20008327C4FE9847A1675D8F8327C4FE98C7BB
:100B300011A88327C4FE9847E177FD177D8F83278F
:100B4000C4FE98C70100724405618280011122CE63
:100B500000102326A4FE2324B4FE832784FE99CB11
:100B60008327C4FE9847B78720005D8F8327C4FE84
:100B700098C719A88327C4FE9847B787DFFFFD17DA
:100B80007D8F8327C4FE98C701007244056182806F
:100B9000797122D60018232EA4FC232604FE832775
:100BA000C4FD9847B7072000F98F89C785472326DA
:100BB000F4FE19A0232604FE8327C4FE3E8532548A
:100BC00045618280797122D60018232EA4FCAE875D
:100BD0003687A30DF4FCB287230DF4FCBA87A30C6F
:100BE000F4FC232604FE232404FE232204FE0347F0
:100BF000B4FDA54763F6E7068327C4FDDC4723263B
:100C0000F4FE8347B4FD138767FFBA878607BA9758
:100C10001D47B317F7002324F4FE832784FE93C7F0
:100C2000F7FF0327C4FEF98F2326F4FE834694FDC5
:100C30008347B4FD138767FFBA878607BA97B397D0
:100C4000F6002324F4FE0327C4FE832784FED98FF5
:100C50002326F4FE8327C4FD0327C4FED8C785A03E
:100C60008327C4FD9C4B2326F4FE0347B4FDBA87BB
:100C70008607BA971D47B317F7002324F4FE83278E
:100C800084FE93C7F7FF0327C4FEF98F2326F4FEE3
:100C9000834694FD0347B4FDBA878607BA97B39796
:100CA000F6002324F4FE0327C4FE832784FED98F95
:100CB0002326F4FE8327C4FD0327C4FE98CB832795
:100CC000C4FD9C5F2326F4FE8327C4FED1838D8B55
:100CD0002322F4FE832744FE93F7F70F0347A4FD76
:100CE000B307F74093F7F70F890793F7F70F3E879E
:100CF000BA878A07BA977D47B317F7002324F4FE13
:100D0000832784FE93C7F7FF0327C4FEF98F2326AA
:100D1000F4FE0347B4FD832744FE93F7F70F8346A1
:100D2000A4FDB387F64093F7F70F890793F7F70F02
:100D3000BE86B6878A07B697B317F7002324F4FE5A
:100D40000327C4FE832784FED98F2326F4FE83273E
:100D5000C4FD0327C4FE98DF010032544561828040
:100D6000797122D60018232EA4FCAE87A30DF4FCC3
:100D7000232604FE232404FE8327C4FD9C5F232630
:100D8000F4FE0327C4FEB707D0FFFD17F98F232613
:100D9000F4FE8347B4FDFD172324F4FE832784FE6D
:100DA000D2070327C4FED98F2326F4FE8327C4FD70
:100DB0000327C4FE98DF01003254456182807971B7
:100DC00022D60018232EA4FCAE873287A30DF4FC94
:100DD000BA87231CF4FC232604FE8327C4FD2326A4
:100DE000F4FE0347B4FD8327C4FEBA972326F4FE1E
:100DF0008327C4FE3E87835784FD1CC30100325401
:100E000045618280797122D60018232EA4FCAE871A
:100E1000A30DF4FC232604FE8327C4FD2326F4FE41
:100E20000347B4FD8327C4FEBA979387870223261E
:100E3000F4FE8327C4FE9C43C207C1833E8532541F
:100E400045618280797122D60018232EA4FC232CC0
:100E5000B4FC232604FE8327C4FDDC432326F4FED2
:100E60000327C4FEB70740FF9387F7DFF98F2326D8
:100E7000F4FE0327C4FE832784FDD98F2326F4FEC6
:100E80008327C4FD0327C4FED8C301003254456143
:100E90008280011122CE00102326A4FEAE87328765
:100EA0002315F4FEBA872314F4FE0357A4FE832708
:100EB000C4FED8D3035784FE8327C4FE98D701000D
:100EC000724405618280011122CE00102326A4FE07
:100ED000AE8732872315F4FEBA872314F4FE8357B6
:100EE000A4FE139707018327C4FEF8CB8327C4FE13
:100EF000F84B835784FE5D8F8327C4FEF8CB010037
:100F0000724405618280011122CE00102326A4FEC6
:100F1000AE8732872315F4FEBA872314F4FE835775
:100F2000A4FE139707018327C4FEB8CF8327C4FE0E
:100F3000B84F835784FE5D8F8327C4FEB8CF01006E
:100F4000724405618280011122CE00102326A4FE86
:100F5000AE8732872315F4FEBA872314F4FE835735
:100F6000A4FE139707018327C4FEF8CF8327C4FE8E
:100F7000F84F835784FE5D8F8327C4FEF8CF0100AE
:100F8000724405618280797122D60018232EA4FC58
:100F9000AE87A30DF4FC232604FE8327C4FDDC43A7
:100FA0002326F4FE8327C4FE819B2326F4FE834779
:100FB000B4FD0327C4FED98F2326F4FE8327C4FD86
:100FC0000327C4FED8C30100325445618280797181
:100FD00022D60018232EA4FCAE87A30DF4FC2326F2
:100FE00004FE8327C4FD98438347B4FDF98F89C766
:100FF00085472326F4FE19A0232604FE8327C4FE7A
:101000003E85325445618280011122CE0010232694
:10101000A4FEAE87A305F4FE8347B4FE13C7F7FF13
:101020008327C4FE98C301007244056182807971F0
:1010300022D60018232EA4FCAE87231DF4FC232601
:1010400004FE232404FE232204FE8357A4FDA1836F
:10105000C207C1832324F4FE8327C4FDDC43035766
:10106000A4FD1377F70FF98F2322F4FE8327C4FD25
:101070009843832784FEF98F81CB832744FE89C759
:1010800085472326F4FE19A0232604FE8327C4FEE9
:101090003E85325445618280797122D60018232E14
:1010A000A4FCAE87231DF4FCA30704FE8357A4FD14
:1010B000A183C207C183A307F4FE8347F4FE13C7CD
:1010C000F7FF8327C4FD98C3010032544561828035
:1010D000011122CE00102326A4FE2324B4FE2322D5
:1010E000C4FE832744FE99CB8327C4FEB84B8327D5
:1010F00084FE5D8F8327C4FEB8CB21A88327C4FE5E
:10110000B84B832784FE93C7F7FF7D8F8327C4FEE8
:10111000B8CB0100724405618280011122CE00101B
:101120002326A4FE2324B4FE832784FE91CB8327A9
:10113000C4FEBC4B13E707208327C4FEB8CB09A825
:101140008327C4FEBC4B13F7F7DF8327C4FEB8CB5D
:101150000100724405618280797122D60018232E25
:10116000A4FC232CB4FC232604FE8327C4FDBC4B23
:101170002326F4FE8327C4FE93F707E02326F4FE1C
:101180000327C4FE832784FDD98F2326F4FE8327FB
:10119000C4FD0327C4FEB8CB0100325445618280F0
:1011A000011122CE00102326A4FE8327C4FE91CF76
:1011B000B7670240938707409843B7670240938719
:1011C00007401367270098C321A8B7670240938799
:1011D00007409843B767024093870740759B98C3C1
:1011E0000100724405618280797122D60018232E95
:1011F000A4FC232604FEB7670240938707409C4760
:10120000C19B2326F4FE0327C4FE8327C4FDD98F88
:101210002326F4FEB7670240938707400327C4FEE6
:1012200098C70100325445618280797122D6001836
:10123000AA87A30FF4FC232604FEB7670240938716
:101240000740DC4393F707FC2326F4FE0347F4FD35
:101250008327C4FED98F2326F4FEB7670240938705
:1012600007400327C4FED8C3010032544561828081
:10127000411122C60008B7F7FF1F938747709C43B0
:10128000C1833E85324441018280411122C600085B
:10129000B7F7FF1F938747709843C167FD17F98F12
:1012A0003E85324441018280011122CE0010F32795
:1012B000007C2326F4FE8327C4FE3E85724405612C
:1012C0008280011122CE00102326A4FE8327C4FEB3
:1012D0007390077C0100724405618280797106D6A3
:1012E00022D40018232EA4FC232CB4FC832784FDD5
:1012F00089C70325C4FDF13705A07D372326A4FE49
:101300008327C4FD93C7F7FF0327C4FEF98F232665
:10131000F4FE0325C4FE75370100B2502254456126
:101320008280411122C60008B7F7FF1F93874770DC
:101330009C433E85324441018280011122CE00103F
:101340002326A4FE8327C4FE9843C167F9177D8F27
:101350008327C4FE98C38327C4FE23A007008327E6
:10136000C4FE23A207008327C4FE23A4070083270B
:10137000C4FE23A607000327C4FEB7070240A10747
:10138000631BF700B7070240D843B7070240136753
:10139000F700D8C3E5A80327C4FEB7070240F1074A
:1013A000631BF700B7070240D843B7070240136733
:1013B000070FD8C3E1A80327C4FEB70702409387ED
:1013C0000703631DF700B7070240D443B707024085
:1013D0000567130707F0558FD8C34DA80327C4FE30
:1013E000B707024093874704631BF700B707024023
:1013F000D443B70702403D67558FD8C341A80327A0
:10140000C4FEB707024093878705631CF700B70740
:101410000240D443B707024037070F00558FD8C3A7
:10142000B5A00327C4FEB70702409387C706631C15
:10143000F700B7070240D443B70702403707F00070
:10144000558FD8C3A1A00327C4FEB70702409387D6
:101450000708631CF700B7070240D443B7070240F0
:101460003707000F558FD8C315A00327C4FEB70751
:10147000024093874709631BF700B7070240D44334
:10148000B7070240370700F0558FD8C301007244F8
:1014900005618280797122D60018232EA4FC232CAA
:1014A000B4FC232604FE8327C4FD9C432326F4FEBC
:1014B0000327C4FEE177BD07F98F2326F4FE8327B7
:1014C00084FD9847832784FD9C535D8F832784FD8B
:1014D0009C4B5D8F832784FDDC4B5D8F832784FDD0
:1014E0009C4F5D8F832784FDDC4F5D8F832784FDB8
:1014F000DC535D8F832784FD9C57D98F0327C4FE5F
:10150000D98F2326F4FE8327C4FD0327C4FE98C386
:10151000832784FDD8478327C4FDD8C3832784FD50
:1015200098438327C4FD98C7832784FDD843832726
:10153000C4FDD8C70100325445618280011122CE1A
:1015400000102326A4FE8327C4FE23A007008327C0
:10155000C4FE23A207008327C4FE23A40700832719
:10156000C4FE23A607008327C4FE23A80700832701
:10157000C4FE23AA07008327C4FE23AC07008327E9
:10158000C4FE23AE07008327C4FE23A007028327DF
:10159000C4FE23A207028327C4FE23A4070201007E
:1015A000724405618280011122CE00102326A4FE20
:1015B0002324B4FE832784FE91CB8327C4FE9C435F
:1015C00013E717008327C4FE98C311A88327C4FE1E
:1015D0009843C167F9177D8F8327C4FE98C3010024
:1015E000724405618280011122CE00102326A4FEE0
:1015F0002324B4FE2322C4FE832744FE99CB8327F1
:10160000C4FE9843832784FE5D8F8327C4FE98C35E
:1016100021A88327C4FE9843832784FE93C7F7FF3E
:101620007D8F8327C4FE98C30100724405618280C8
:10163000011122CE00102326A4FEAE872315F4FE4E
:101640000357A4FE8327C4FED8C30100724405617A
:101650008280011122CE00102326A4FE8327C4FE1F
:10166000DC43C207C1833E85724405618280797183
:1016700022D60018232EA4FC232604FE232404FED5
:10168000B70702409C432324F4FE032784FE8327EC
:10169000C4FDF98F89C785472326F4FE19A02326A8
:1016A00004FE8327C4FE3E853254456182800111C9
:1016B00022CE00102326A4FEB70702400327C4FE53
:1016C000D8C30100724405618280797122D6001866
:1016D000232EA4FC232604FE232404FEB707024085
:1016E0009C432324F4FE032784FE8327C4FDF98F43
:1016F00089C785472326F4FE19A0232604FE8327E5
:10170000C4FE3E85325445618280011122CE001014
:101710002326A4FEB70702400327C4FED8C3010056
:10172000724405618280411122C60008B70701405A
:101730009387074023A00700B7070140938707401E
:1017400023A20700B70701409387074023A407009F
:10175000B70701409387074023A60700B70701405A
:1017600093870740370710007D17D8CB010032441C
:1017700041018280797122D60018232EA4FC2326F1
:1017800004FEB7070140938707402326F4FE832712
:10179000C4FDDC4763800712B70701409387074009
:1017A00094438327C4FD9C4313C7F7FFB707014049
:1017B00093870740758F98C3B70701409387074009
:1017C000D4438327C4FD9C4313C7F7FFB7070140E9
:1017D00093870740758FD8C38327C4FDDC43032755
:1017E000C4FEBA972326F4FE8327C4FE94438327BE
:1017F000C4FD98438327C4FE558F98C3B7070140A3
:101800009387074094478327C4FD9C4313C7F7FF82
:10181000B707014093870740758F98C7B707014006
:1018200093870740D4478327C4FD9C4313C7F7FF22
:10183000B707014093870740758FD8C78327C4FD3A
:101840009847C147631FF702B707014093870740D6
:1018500094478327C4FD9843B70701409387074007
:10186000558F98C7B707014093870740D447832710
:10187000C4FD9843B707014093870740558FD8C7E9
:10188000B1A8B7070140938707402326F4FE8327BA
:10189000C4FD9C470327C4FEBA972326F4FE832782
:1018A000C4FE94438327C4FD98438327C4FE558F09
:1018B00098C32DA08327C4FDDC430327C4FEBA9739
:1018C0002326F4FE8327C4FE94438327C4FD9C4350
:1018D00013C7F7FF8327C4FE758F98C301003254E6
:1018E00045618280011122CE00102326A4FE8327A9
:1018F000C4FE23A007008327C4FE23A2070083277A
:10190000C4FE314798C78327C4FE23A60700010001
:10191000724405618280011122CE00102326A4FEAC
:10192000B707014093870740944BB707014093875F
:1019300007400327C4FE558F98CB01007244056110
:101940008280797122D60018232EA4FC232604FE5F
:10195000B707014093870740D84B8327C4FDF98F11
:1019600089C785472326F4FE19A0232604FE832772
:10197000C4FE3E85325445618280011122CE0010A2
:101980002326A4FEB7070140938707400327C4FE20
:10199000D8CB0100724405618280797122D600188B
:1019A000232EA4FC232604FE232404FEB7070140B3
:1019B000938707409C430327C4FDF98F2324F4FE3B
:1019C000B707014093870740D84B8327C4FDF98FA1
:1019D00081CB832784FE89C785472326F4FE19A07F
:1019E000232604FE8327C4FE3E853254456182804F
:1019F000011122CE00102326A4FEB70701409387D1
:101A000007400327C4FED8CB0100724405618280E1
:101A1000797122D60018232EA4FC232604FEB727B2
:101A200002409C432326F4FE8327C4FE93F78703DA
:101A30002326F4FE0327C4FE8327C4FDD98F232663
:101A4000F4FEB72702400327C4FE98C301003254B6
:101A500045618280411122C60008B727024037073E
:101A6000674513073712D8C3B72702403797EFCD22
:101A70001307B79AD8C30100324441018280411153
:101A800022C60008B7270240984BB72702401367C9
:101A9000070898CB0100324441018280797106D653
:101AA00022D40018232EA4FC91472326F4FE3705E8
:101AB0000B0011252326A4FE0327C4FE91476313C0
:101AC000F704B7270240984BB72702401367270057
:101AD00098CBB72702400327C4FDD8CBB7270240D5
:101AE000984BB72702401367070498CB37050B00C4
:101AF000D9232326A4FEB7270240984BB7270240DC
:101B0000759B98CB8327C4FE3E85B2502254456115
:101B10008280011106CE22CC001091472326F4FECC
:101B200037050B00492B2326A4FE0327C4FE91474B
:101B3000631EF702B7270240984BB727024013678E
:101B4000470098CBB7270240984BB727024013674E
:101B5000070498CB37050B00B92B2326A4FEB72723
:101B60000240984BB72702406D9B98CB8327C4FE59
:101B70003E85F240624405618280011106CE22CC8E
:101B8000001091472326F4FE37050B002D23232652
:101B9000A4FE0327C4FE9147631FF704653DB727E2
:101BA0000240370767451307371298C7B727024027
:101BB0003797EFCD1307B79A98C7B7270240984BCE
:101BC000B72702401367070298CBB7270240984B0C
:101BD000B72702401367070498CB37050B00E129AC
:101BE0002326A4FEB7270240984BB727024013775D
:101BF000F7FD98CB69358327C4FE3E85F2406244E9
:101C000005618280797106D622D40018232EA4FCA7
:101C1000AD37B1237D23A30704FE15A88347F4FE47
:101C20008A073E87B707002093870780B306F7002F
:101C30008327C4FD13874700232EE4FC9C43BE8505
:101C40003685F9238347F4FE8507A307F4FE03478F
:101C5000F4FE8D47E3F4E7FCB70700201385078007
:101C6000D92D89230100B2502254456182803971F7
:101C700006DE22DC80002326A4FCFD57A303F4FE2D
:101C8000FD572303F4FEFD57A302F4FEFD57230284
:101C9000F4FE91472324F4FEB7270240DC4F898BE2
:101CA00089C799472324F4FEFDA08327C4FC93C76A
:101CB000F7FF2326F4FC8327C4FCA303F4FE832749
:101CC000C4FCA1832303F4FE8327C4FCC183A302C5
:101CD000F4FE8327C4FCE1832302F4FE1565E12EA4
:101CE0002324A4FE032784FE91476316F70AA30763
:101CF00004FE0DA88347F4FE8A073E87B70700203D
:101D000093870780BA973E878347F4FE18438A0774
:101D1000930604FFB69723A2E7FE8347F4FE8507E8
:101D2000A307F4FE0347F4FE8D47E3F5E7FC034702
:101D300074FE834774FE93C7F7FF93968700C167CD
:101D4000FD17F58F3E97834764FEC2073E97834792
:101D500064FE93C7F7FFE207BA97232EF4FC03470C
:101D600054FE834754FE93C7F7FF93968700C167DD
:101D7000FD17F58F3E97834744FEC2073E97834782
:101D800044FE93C7F7FFE207BA972320F4FE9307B8
:101D900044FD3E85853D832784FE3E85F250625496
:101DA00021618280797106D622D4001891472326BA
:101DB000F4FEB7270240DC4F898B89C79947232659
:101DC000F4FEBDA037050B00FD242326A4FE032747
:101DD000C4FE9147631EF704A30504FE0DA88347C4
:101DE000B4FE8A073E87B707002093870780BA971B
:101DF0003E878347B4FE18438A07930604FFB697CD
:101E000023A4E7FE8347B4FE8507A305F4FE03473A
:101E1000B4FE8D47E3F5E7FC032784FDC177F98F16
:101E20009387F70F232CF4FC930784FD3E85D93B61
:101E30008327C4FE3E85B2502254456182803971A9
:101E400006DE22DC8000AA873687A307F4FCAE8773
:101E50002307F4FCB287A306F4FCBA872306F4FC3C
:101E600091472326F4FEB7270240DC4F898B89C7B0
:101E700099472326F4FE51A80347C4FC8347D4FCAA
:101E8000D98F13F7F70F8347E4FCD98F13F7F70FB8
:101E90008347F4FCD98F93F7F70F93E707FE2305E9
:101EA000F4FEA30504FE0DA88347B4FE8A073E870F
:101EB000B707002093870780BA973E878347B4FE11
:101EC00018438A07930604FFB69723A4E7FE8347C7
:101ED000B4FE8507A305F4FE0347B4FE8D47E3F582
:101EE000E7FC8347A4FE139707018347A4FE93C72B
:101EF000F7FFE2073E979967938757AABA97232C73
:101F0000F4FC930784FD3E85F5398327C4FE3E85A6
:101F1000F250625421618280411122C60008B72725
:101F20000240DC4F89833E85324441018280411169
:101F300022C60008B72702409C533E853244410127
:101F40008280011122CE0010232604FEB727024012
:101F5000DC4F898B89C785472326F4FE19A02326E9
:101F600004FE8327C4FE3E85724405618280011110
:101F700022CE00102326A4FE2324B4FE832784FE51
:101F800099CBB7270240944BB72702400327C4FEE2
:101F9000558F98CB21A8B7270240944B8327C4FEC6
:101FA00013C7F7FFB7270240758F98CB0100724423
:101FB00005618280797122D60018232EA4FC232685
:101FC00004FE0327C4FD8547631EF700B7270240C0
:101FD000DC4F858B89C785472326F4FE0DA0232679
:101FE00004FE31A8B7270240D8478327C4FDF98FE4
:101FF00089C785472326F4FE19A0232604FE8327DC
:10200000C4FE3E85325445618280011122CE00100B
:102010002326A4FEB72702400327C4FED8C7010029
:10202000724405618280011122CE0010914723265F
:10203000F4FEB7270240DC4713F717008547631605
:10204000F70085472326F4FE29A8B7270240DC477E
:10205000C18B89C78D472326F4FE21A091472326F3
:10206000F4FE8327C4FE3E8572440561828001111F
:1020700022CE001091472326F4FEB7270240DC470A
:1020800013F7170085476316F70085472326F4FEEC
:1020900029A8B7270240DC47C18B89C78D47232673
:1020A000F4FE21A091472326F4FE8327C4FE3E853B
:1020B000724405618280797106D622D40018232EDD
:1020C000A4FC91472326F4FE5D372326A4FE09A82D
:1020D000793F2326A4FE8327C4FDFD17232EF4FC9D
:1020E0000327C4FE85476315F7008327C4FDEDF37E
:1020F0008327C4FD81E795472326F4FE8327C4FE8A
:102100003E85B250225445618280797106D622D430
:102110000018232EA4FC91472326F4FE893F232692
:10212000A4FE09A8A9372326A4FE8327C4FDFD1712
:10213000232EF4FC0327C4FE85476315F70083278D
:10214000C4FDEDF38327C4FD81E795472326F4FE04
:102150008327C4FE3E85B2502254456182804111DE
:1021600022C60008B7270240370767451307371212
:10217000D8C3B72702403797EFCD1307B79AD8C314
:10218000B72702403707674513073712D8D3B72759
:1021900002403797EFCD1307B79AD8D301003244E6
:1021A00041018280411122C60008B7270240944BAA
:1021B000B72702402167558F98CB01003244410177
:1021C0008280411122C60008B7270240944BB727EE
:1021D00002404167558F98CBB7270240944BB727F1
:1021E000024037070800558F98CB0100B7270240FF
:1021F000DC47858BE5FFB7270240944BB7270240A9
:1022000041777D17758F98CB010032444101828060
:10221000011122CE00102326A4FE2324B4FEB727EA
:102220000240944BB72702404167558F98CB8327D4
:10223000C4FE032784FE98C3B7270240944BB727F8
:10224000024037070400558F98CB0100B7270240A2
:10225000DC47858BE5FFB7270240944BB727024048
:1022600041777D17758F98CB01007244056182809C
:10227000011122CE00102326A4FEB7270240944B62
:10228000B727024037070200558F98CBB727024087
:102290000327C4FED8CBB7270240984BB72702408C
:1022A0001367070498CB0100B7270240DC47858BF2
:1022B000E5FFB7270240944BB727024001777D170F
:1022C000758F98CB0100724405618280011122CE86
:1022D00000102326A4FE0327C4FEE177F98F2326EE
:1022E000F4FEB7270240944BB7270240370780001F
:1022F000558F98CBB72702400327C4FED8CBB7270A
:102300000240984BB72702401367070498CB01009F
:10231000B7270240DC47858BE5FFB7270240944B87
:10232000B7270240370780FF7D17758F98CB0100D4
:10233000724405618280011122CE00102326A4FE82
:10234000B7270240944BB72702404167558F98CB7F
:10235000B72702400327C4FED8CBB7270240984BCB
:10236000B72702401367070498CB0100B727024044
:10237000DC47858BE5FFB7270240944BB727024027
:1023800041777D17758F98CB01007244056182807B
:10239000011106CE22CC00102326A4FEEFF08FEB15
:1023A000B7270240370767451307371298D7B72773
:1023B00002403797EFCD1307B79A98D7B727024057
:1023C000D447B727024071777D17758FD8C7032789
:1023D000C4FE9167631AF700B7270240D447B727B6
:1023E00002401167558FD8C7EFF06FE90100F24046
:1023F000624405618280011106CE22CC00102326A2
:10240000A4FE0327C4FEB717014093870780631B10
:10241000F70085451145EF20407781451145EF20B4
:10242000C07681A00327C4FEB7170140938707C079
:10243000631BF70085452145EF2020758145214527
:10244000EF20A07439A80327C4FEB7170140631A10
:10245000F70085454145EF20407381454145EF2018
:10246000C0720100F240624405618280411106C6DB
:1024700022C4000885450545EF20207181450545AA
:10248000EF20A0700100B2402244410182803971E6
:1024900022DE80002326A4FC2324B4FC232604FE91
:1024A000232004FE232404FE232E04FC232204FE06
:1024B000232C04FC832784FC9C47BD8B2326F4FE3D
:1024C000832784FC9C47C18B89CB832784FCDC4316
:1024D0000327C4FED98F2326F4FE832784FC9C4364
:1024E00093F7F70FE1CF8327C4FC9C432322F4FE2C
:1024F000232404FE55A8832784FE0547B317F7005D
:10250000232EF4FC832784FC9C430327C4FDF98F0E
:102510002320F4FE032704FE8327C4FD6311F7087C
:10252000832784FE8A07232EF4FC8327C4FD3D47BE
:10253000B317F700232CF4FC832784FD93C7F7FF20
:10254000032744FEF98F2322F4FE8327C4FD0327CB
:10255000C4FEB317F700032744FED98F2322F4FEED
:10256000832784FC984793078002631BF700832727
:1025700084FE05473317F7008327C4FCD8CB05A09A
:10258000832784FC984793078004631AF700832706
:1025900084FE05473317F7008327C4FC98CB8327B5
:1025A00084FE85072324F4FE032784FE9D47E3F47D
:1025B000E7F48327C4FC032744FE98C3832784FCE5
:1025C0009843C167938707F0F98F6386071603273F
:1025D000C4FCB7170140938707806319F700B7075A
:1025E000002083A747022322F4FE05A80327C4FC8A
:1025F000B7170140938707C06317F70083A781804F
:102600002322F4FE19A80327C4FCB7170140631660
:10261000F70083A7C1802322F4FE232404FE65A8CB
:10262000832784FEA1070547B317F700232EF4FC88
:10263000832784FC9C430327C4FDF98F2320F4FEE9
:10264000032704FE8327C4FD6312F708832784FE53
:102650008A07232EF4FC8327C4FD3D47B317F700F8
:10266000232CF4FC832784FD93C7F7FF032744FE44
:10267000F98F2322F4FE8327C4FD0327C4FEB3177A
:10268000F700032744FED98F2322F4FE832784FC1E
:10269000984793078002631BF700832784FEA107F6
:1026A00005473317F7008327C4FCD8CB832784FC66
:1026B000984793078004631BF700832784FEA107D4
:1026C00005473317F7008327C4FC98CB832784FE84
:1026D00085072324F4FE032784FE9D47E3F2E7F4F5
:1026E0008327C4FC032744FED8C30327C4FCB717C1
:1026F0000140938707806319F700B707002003277D
:1027000044FE23A2E70205A80327C4FCB717014033
:10271000938707C06317F700032744FE23A4E180D3
:1027200019A80327C4FCB71701406316F700032755
:1027300044FE23A6E180832784FC9843C167636E2F
:10274000F70C8327C4FCDC4F2322F4FE232404FE71
:102750005DA8832784FEC1070547B317F700232E22
:10276000F4FC832784FC9C430327C4FDF98F2320BA
:10277000F4FE032704FE8327C4FD6311F7088327B3
:1027800084FE8A07232EF4FC8327C4FD3D47B3173C
:10279000F700232CF4FC832784FD93C7F7FF03275E
:1027A00044FEF98F2322F4FE8327C4FD0327C4FED1
:1027B000B317F700032744FED98F2322F4FE8327A3
:1027C00084FC984793078002631BF700832784FEED
:1027D000C10705473317F7008327C4FCD8CB8327ED
:1027E00084FC984793078004631AF700832784FECC
:1027F00005473317F7008327C4FC98D3832784FE4B
:1028000085072324F4FE032784FE9D47E3F3E7F4C2
:102810008327C4FC032744FED8CF010072542161F2
:102820008280011122CE00102326A4FE8327C4FE3D
:10283000370700017D1798C38327C4FE0547D8C317
:102840008327C4FE114798C7010072440561828046
:10285000797122D60018232EA4FC232CB4FCA307E4
:1028600004FE8327C4FD9847832784FDF98F89C719
:102870008547A307F4FE19A0A30704FE8347F4FECF
:102880003E85325445618280797122D60018232E0C
:10289000A4FC8327C4FD9C472326F4FE8327C4FEA3
:1028A0003E85325445618280797122D60018232EEC
:1028B000A4FC232CB4FCA30704FE8327C4FDD84743
:1028C000832784FDF98F89C78547A307F4FE19A0E4
:1028D000A30704FE8347F4FE3E853254456182809F
:1028E000797122D60018232EA4FC8327C4FDDC476F
:1028F0002326F4FE8327C4FE3E8532544561828040
:10290000011122CE00102326A4FE2324B4FE0327A7
:1029100084FEC167FD17F98F91C78327C4FE032783
:1029200084FE98CB032784FEC1676369F700832781
:1029300084FE13D707018327C4FE98D30100724495
:1029400005618280011122CE00102326A4FE2324DB
:10295000B4FE8327C4FE032784FED8CB0100724453
:1029600005618280011122CE00102326A4FE2324BB
:10297000B4FE2322C4FE832744FE8DCB032784FEAE
:10298000C167FD17F98F91C78327C4FE032784FE13
:1029900098CB032784FEC167636FF700832784FE0B
:1029A00013D707018327C4FE98D331A08327C4FE21
:1029B000032784FED8CB0100724405618280011197
:1029C00022CE00102326A4FE2324B4FE8327C4FEB7
:1029D000032784FED8C701007244056182807971A3
:1029E00022D60018232EA4FC232CB4FCB707000128
:1029F0002326F4FE0327C4FE832784FDD98F2326D4
:102A0000F4FE8327C4FD0327C4FE98CF8327C4FDAB
:102A1000032784FD98CF8327C4FD0327C4FE98CFE6
:102A20008327C4FD9C4F2326F4FE8327C4FD9C4FBF
:102A30002326F4FE0100325445618280797122D64A
:102A40000018232EA4FC232CB4FC232404FE2322F0
:102A500004FE232604FE232004FEB7070140DC43C6
:102A60002326F4FE8327C4FDC183BD8B2320F4FEFF
:102A70000327C4FDC167FD17F98F2324F4FE032744
:102A8000C4FDB7070008F98FE9CF0327C4FDB707D6
:102A900030007D8FB70730006315F7020327C4FEAF
:102AA000B70700F1FD17F98F2326F4FEB7070140A1
:102AB000D443B7070140370700F17D17758FD8C39E
:102AC0001DA20327C4FDB7074000F98F9DCFB7872C
:102AD00003002322F4FE832744FE93C7F7FF032756
:102AE000C4FEF98F2326F4FE832784FD89CB832738
:102AF00084FEBE070327C4FED98F2326F4FEB70742
:102B000001400327C4FED8C329A20327C4FDB70789
:102B100030007D8FB70720006314F702832704FE7F
:102B2000C1071D47B317F7002322F4FE832744FE95
:102B300093C7F7FF0327C4FEF98F2326F4FE65A091
:102B4000832704FE1D47B317F7002322F4FE8327D3
:102B500044FE93C7F7FF0327C4FEF98F2326F4FE34
:102B600059A00327C4FDB70730007D8FB707300099
:102B70006314F702832704FEC1070D47B317F7005C
:102B80002322F4FE832744FE93C7F7FF0327C4FEE6
:102B9000F98F2326F4FE81A80327C4FDB707100090
:102BA000F98F95C3832704FE0D47B317F70023223F
:102BB000F4FE832744FE93C7F7FF0327C4FEF98F73
:102BC0002326F4FE0DA08327C4FDD5839D8B920799
:102BD000032784FEB317F70093C7F7FF0327C4FE4C
:102BE000F98F2326F4FE832784FD99CF8327C4FD24
:102BF000D5839D8B9207032784FEB317F700032725
:102C0000C4FED98F2326F4FEB70701400327C4FE74
:102C1000D8C3325445618280797122D60018AA87C0
:102C20002E87A30FF4FCBA87231EF4FC232604FE90
:102C30008357C4FDBD8B86070D47B317F7002326C6
:102C4000F4FE370701408357C4FD9183C207C18357
:102C50008A07BA9798478327C4FE93C7F7FFB7063A
:102C600001400356C4FD1182420641827D8F9317B5
:102C70002600B69798C7370701408357C4FD918354
:102C8000C207C1838A07BA9798478346F4FD8357E2
:102C9000C4FDBD8B8607B397F600B7060140035607
:102CA000C4FD1182420641825D8F93172600B697BC
:102CB00098C70100325445618280011106CE22CCB2
:102CC0000010232004FE232204FE232404FE2326D6
:102CD00004FE85457145EF10305EB7F7FF1F9387FF
:102CE00047709C43B99B2326F4FE0327C4FEB70715
:102CF0005603938707606303F70A0327C4FEB707E9
:102D000056039387076063E1E7020327C4FEB777A2
:102D10001103630AF7220327C4FEB7075103938701
:102D20000760630CF70241AC0327C4FEB7075B03DF
:102D3000938707606309F70C0327C4FEB7075E0398
:102D4000938707606306F7120327C4FEB70757038C
:102D5000938707606304F718B9ACB7C73F00232017
:102D6000F4FE930780042324F4FE930704FEBE853B
:102D7000B7170140138507C0EFF06FF19307F00319
:102D80002320F4FE930780042324F4FE930704FE1B
:102D9000BE8537150140EFF08FEF31ACB70700016A
:102DA000938707F02320F4FE930780042324F4FE86
:102DB000930704FEBE85B717014013850780EFF027
:102DC0000FEDB7E73F0091072320F4FE930780043F
:102DD0002324F4FE930704FEBE85B7170140138534
:102DE00007C0EFF0CFEA9307600F2320F4FE9307AC
:102DF00080042324F4FE930704FEBE8537150140AA
:102E0000EFF0EFE84DAAB7D7FF00938707F0232034
:102E1000F4FE930780042324F4FE930704FEBE858A
:102E2000B717014013850780EFF06FE6B7E73F0063
:102E300091072320F4FE930780042324F4FE9307D4
:102E400004FEBE85B7170140138507C0EFF02FE4DD
:102E50009307700F2320F4FE930780042324F4FECD
:102E6000930704FEBE8537150140EFF04FE2A1A2A3
:102E7000B7070001938707F02320F4FE930780042F
:102E80002324F4FE930704FEBE85B7170140138583
:102E90000780EFF0CFDFB7E73F009387477F23201E
:102EA000F4FE930780042324F4FE930704FEBE85FA
:102EB000B7170140138507C0EFF06FDD9307F00FE0
:102EC0002320F4FE930780042324F4FE930704FEDA
:102ED000BE8537150140EFF08FDBF1A8B707000181
:102EE000938707F02320F4FE930780042324F4FE45
:102EF000930704FEBE85B717014013850780EFF0E6
:102F00000FD9B7F73F00F5172320F4FE930780048D
:102F10002324F4FE930704FEBE85B71701401385F2
:102F200007C0EFF0CFD69307D00F2320F4FE93070E
:102F300080042324F4FE930704FEBE853715014068
:102F4000EFF0EFD48DA8B7F7FF0093870710232089
:102F5000F4FE930780042324F4FE930704FEBE8549
:102F6000B717014013850780EFF06FD2B707000154
:102F70009387C7F72320F4FE930780042324F4FEED
:102F8000930704FEBE85B7170140138507C0EFF015
:102F90000FD0B7F7F0009387773F2320F4FE930715
:102FA00080042324F4FE930704FEBE8537150140F8
:102FB000EFF0EFCD01000100F24062440561828034
:102FC000011106CE22CC00102326A4FE0327C4FE46
:102FD000B757004093870740631CF70085453705C6
:102FE0002000EF10F03E814537052000EF10503EE5
:102FF0000100F240624405618280397106DE22DC04
:1030000080002326A4FC2324B4FC231704FE2315EC
:1030100004FE91472316F4FEB7177A009387072022
:103020002322F4FE8327C4FC83D747002317F4FE32
:103030008357E4FE93F707FC2317F4FE930744FD40
:103040003E85EF1090188327C4FD2322F4FE03274A
:1030500044FEB7470F0093870724B357F7022315A1
:10306000F4FE0357E4FE8357A4FED98F2317F4FE22
:103070008327C4FC0357E4FE2392E7008327C4FCA4
:1030800083D70700C207C183F99B139707014183C8
:103090008327C4FC2390E700231704FE832784FCC6
:1030A0009843E1679387076A63ECE702832784FC10
:1030B0009C438607032744FEB357F7022316F4FE0A
:1030C0000357C4FE8D4763E5E70091472316F4FEDE
:1030D0000357E4FE8357C4FED98F2317F4FE51A093
:1030E000832784FC03D76700B167FD17631FF700D0
:1030F000832784FC9843BA878607BA97032744FE40
:10310000B357F7022316F4FE2DA0832784FC9843BF
:10311000BA878607BA978E07BA97032744FEB35734
:10312000F7022316F4FE0357C4FE9167D98F2316C6
:10313000F4FE0357C4FE8567FD17F98F99E783579F
:10314000C4FE93E717002316F4FE0357C4FE83570B
:10315000E4FED98F139707014183E177D98F2317B5
:10316000F4FE8327C4FC0357E4FE239EE700832775
:10317000C4FC83D70700C207C18393E717001397E6
:10318000070141838327C4FC2390E7008327C4FC05
:1031900083D707002317F4FE8357E4FE93F757BF46
:1031A0002317F4FE832784FC03D74700832784FC7E
:1031B00083D7A700D98F1397070141838357E4FE74
:1031C000D98F2317F4FE8327C4FC0357E4FE239012
:1031D000E700832784FC03D7C700832784FC83D7B9
:1031E0008700D98F1397070141838327C4FC239459
:1031F000E7000100F250625421618280011122CE69
:1032000000102326A4FE8327C4FE05671307873812
:1032100098C38327C4FE239207008327C4FE7177D7
:103220007D172393E7008327C4FE23940700832799
:10323000C4FE239507008327C4FE11672396E70089
:103240000100724405618280011122CE0010232604
:10325000A4FE2324B4FE832784FE8DC38327C4FEEB
:1032600083D70700C207C18393E7170013970701AD
:1032700041838327C4FE2390E70039A88327C4FE37
:1032800083D70700C207C183F99B139707014183C6
:103290008327C4FE2390E700010072440561828009
:1032A000011122CE00102326A4FE2324B4FE83277E
:1032B00084FE85C78327C4FE83D747001397070181
:1032C0004183856793870780D98F139707014183CF
:1032D0008327C4FE2392E7001DA08327C4FE83D763
:1032E0004700139707014183FD779387F77FF98F95
:1032F0001397070141838327C4FE2392E70001004F
:10330000724405618280011122CE00102326A4FEA2
:103310002324B4FE832784FE95C38327C4FE83D76A
:1033200047001397070141838567D98F13970701DA
:1033300041838327C4FE2392E70015A08327C4FEA0
:1033400083D74700139707014183FD77FD17F98F56
:103350001397070141838327C4FE2392E7000100EE
:10336000724405618280011122CE00102326A4FE42
:103370002324B4FE832784FE8DC38327C4FE83D712
:103380000700C207C18393E7071013970701418322
:103390008327C4FE2390E70005A08327C4FE83D7BC
:1033A0000700C207C18393F7F7EF13970701418323
:1033B0008327C4FE2390E7000100724405618280E8
:1033C000011122CE00102326A4FE2324B4FE83275D
:1033D00084FE8DC38327C4FE83D70700C207C18341
:1033E00093E707201397070141838327C4FE2390A7
:1033F000E70005A08327C4FE83D70700C207C18367
:1034000093F7F7DF1397070141838327C4FE2390C7
:10341000E7000100724405618280011122CE001094
:103420002326A4FE2324B4FE832784FE8DC3832792
:10343000C4FE83D70700C207C18393E707401397F1
:10344000070141838327C4FE2390E70005A083275B
:10345000C4FE83D70700C207C18393F7F7BF139752
:10346000070141838327C4FE2390E70001007244D3
:1034700005618280797122D60018232EA4FCAE87C4
:10348000A30DF4FC231704FE8327C4FD83D7C700D4
:103490002317F4FE8357E4FE93F717F02317F4FE87
:1034A0008347B4FDC207C18793F7E70F139707015E
:1034B00041878317E4FED98FC207C1872317F4FE23
:1034C0008327C4FD0357E4FE2396E700010032542E
:1034D00045618280011122CE00102326A4FE232400
:1034E000B4FE832784FE8DC38327C4FE83D7C70021
:1034F000C207C18393E7170013970701418383270E
:10350000C4FE2396E70039A88327C4FE83D7C700EB
:10351000C207C183F99B1397070141838327C4FE28
:103520002396E7000100724405618280011122CEDA
:1035300000102326A4FE2324B4FE832784FE8DC31B
:103540008327C4FE83D70700C207C18393E707041C
:103550001397070141838327C4FE2390E70005A04A
:103560008327C4FE83D70700C207C18393F7F7FB05
:103570001397070141838327C4FE2390E7000100CE
:10358000724405618280011122CE00102326A4FE20
:10359000AE872322C4FE2315F4FE832744FE9DC379
:1035A0008327C4FE83D747001397070141838357BE
:1035B000A4FED98F1397070141838327C4FE23926A
:1035C000E70035A08327C4FE83D747001397070180
:1035D00041838357A4FE93C7F7FFC207C183F98FC6
:1035E0001397070141838327C4FE2392E70001005C
:1035F000724405618280011122CE00102326A4FEB0
:10360000AE87A305F4FE8347B4FE139707014183F9
:103610008327C4FE2398E70001007244056182807D
:10362000011122CE00102326A4FE8327C4FE83D7D7
:103630000701C207C18393F7F70F3E857244056106
:103640008280011122CE00102326A4FEAE8732878D
:10365000A305F4FEBA872305F4FE8347A4FE81CBBD
:103660008347B4FE93E71700A305F4FE31A0834718
:10367000B4FEF99BA305F4FE8347B4FE139707013C
:1036800041838327C4FE2398E7000100724405614B
:103690008280797122D60018232EA4FCAE87A30D58
:1036A000F4FC232604FE8327C4FD2326F4FE0347EF
:1036B000B4FD8327C4FEBA972326F4FE8327C4FEF5
:1036C00083D70700C207C1833E853254456182809B
:1036D000011122CE00102326A4FE2324B4FE83274A
:1036E00084FE95C38327C4FE83D707001397070181
:1036F0004183E177D98F1397070141838327C4FE64
:103700002390E70015A08327C4FE83D707001397F3
:1037100007014183A167FD17F98F139707014183C3
:103720008327C4FE2390E700010072440561828074
:10373000011122CE00102326A4FEAE872315F4FE2D
:103740008357A4FE9387078085E78327C4FE83D72A
:103750000700139707014183856793870780D98FF7
:103760001397070141838327C4FE2390E7001DA020
:103770008327C4FE83D70700139707014183FD7792
:103780009387F77FF98F1397070141838327C4FE3F
:103790002390E7000100724405618280011122CE6E
:1037A00000102326A4FE2324B4FE832784FE95C3A1
:1037B0008327C4FE83D707001397070141838567DA
:1037C000D98F1397070141838327C4FE2390E70015
:1037D00015A08327C4FE83D70700139707014183F1
:1037E000FD77FD17F98F1397070141838327C4FEE7
:1037F0002390E7000100724405618280011122CE0E
:1038000000102326A4FEAE872315F4FE8357A4FEE2
:103810009387078085E78327C4FE83D70700139724
:1038200007014183856793870780D98F1397070125
:1038300041838327C4FE2390E7001DA08327C4FE95
:1038400083D70700139707014183FD779387F77F9D
:10385000F98F1397070141838327C4FE2390E70064
:103860000100724405618280011122CE00102326DE
:10387000A4FE2324B4FE832784FE8DC38327C4FEC5
:1038800083D70700C207C18393E707021397070195
:1038900041838327C4FE2390E70005A08327C4FE4D
:1038A00083D70700C207C18393F7F7FD139707017A
:1038B00041838327C4FE2390E70001007244056121
:1038C0008280011122CE00102326A4FE8327C4FE8D
:1038D00083D78701C207C183A183C207C18393F73E
:1038E000F70F3E85724405618280011122CE0010DF
:1038F0002326A4FE2324B4FE832784FE8DC38327BE
:10390000C4FE83D70700C207C18393E7070113975B
:10391000070141838327C4FE2390E70039A883274A
:10392000C4FE83D70700C207C183BD9B139707015D
:1039300041838327C4FE2390E700010072440561A0
:103940008280011122CE00102326A4FE2324B4FE7F
:10395000832784FE8DE38327C4FE83D70700C20735
:10396000C18393E707081397070141838327C4FEA8
:103970002390E70005A08327C4FE83D70700C20772
:10398000C18393F7F7F71397070141838327C4FE99
:103990002390E7000100724405618280011122CE6C
:1039A00000102326A4FEAE872315F4FE0357A4FEC1
:1039B00091676304F7028327C4FE83D7C701139777
:1039C00007014183F177FD17F98F139707014183B1
:1039D0008327C4FE239EE7000DA08327C4FE83D760
:1039E000C7011397070141839167D98F1397070187
:1039F00041838327C4FE239EE700010072440561D2
:103A00008280797122D60018232EA4FC232CB4FCCA
:103A1000232404FE232204FE232004FE232604FE86
:103A20008327C4FD83D74701C207C1832322F4FE45
:103A30008327C4FD83D78701C207C1832320F4FEF7
:103A4000832704FEC2072320F4FE032744FE8327B6
:103A500004FE5D8FB7070001FD17F98F2324F4FEE4
:103A6000032784FE832784FDF98F032784FD6316D3
:103A7000F70085472326F4FE19A0232604FE83279A
:103A8000C4FE3E85325445618280797122D6001889
:103A9000232EA4FC232604FE232404FE232204FE5A
:103AA0008327C4FD83D74701C207C1832324F4FEC3
:103AB0008327C4FD83D78701C207C1832322F4FE75
:103AC000832744FEC2072322F4FE032784FE8327B4
:103AD00044FE5D8FB7070001FD17F98F2326F4FE22
:103AE0008327C4FE3E85325445618280797122D697
:103AF0000018232EA4FC232CB4FC232604FE23242C
:103B000004FE232204FE8327C4FD2322F4FE832720
:103B100084FDF1832324F4FE032784FDB70700010D
:103B2000FD17F98F232CF4FC832784FE99C7832784
:103B300044FED1072322F4FE19A8832784FDC18304
:103B4000232CF4FC832744FEE1072322F4FE832781
:103B500044FE9843832784FDF98F89C78547232630
:103B6000F4FE19A0232604FE8327C4FE3E853254AA
:103B700045618280797122D60018232EA4FC232C63
:103B8000B4FC232604FE032784FDB7070001FD17BC
:103B9000F98F2326F4FE8327C4FEC207C18393C78F
:103BA000F7FF1397070141838327C4FD239AE7009A
:103BB0000100325445618280797122D60018232E8B
:103BC000A4FC232CB4FC232604FE232404FE832718
:103BD00084FDC1830327C4FD035747004207418387
:103BE000F98F93F707702324F4FE032784FDB707AA
:103BF0000001FD17F98F232CF4FC8327C4FD83D724
:103C00004701C207C1833E87832784FDF98F81CB9B
:103C1000832784FE89C785472326F4FE19A023261F
:103C200004FE8327C4FE3E8532544561828079714B
:103C300022D60018232EA4FC232CB4FC232604FE39
:103C4000032784FDB7070001FD17F98F2326F4FE33
:103C50008327C4FEC207C18393C7F7FF13970701E9
:103C600041838327C4FD239AE70001003254456154
:103C70008280011122CE0010AA872317F4FEB737E5
:103C800000400357E4FE98C301007244056182803E
:103C9000011122CE0010AA87A307F4FEB737004017
:103CA0000347F4FED8C3010072440561828001110C
:103CB00022CE0010AA872317F4FEB737004003571F
:103CC000E4FE98C70100724405618280411122C65A
:103CD0000008B73700402D671307A7AA98C3010053
:103CE000324441018280411122C60008B7370040AA
:103CF00035671307C7CC98C3010032444101828065
:103D0000797122D60018AA87231FF4FC232604FE0B
:103D1000B7370040D8478357E4FDF98F89C78547F7
:103D20002326F4FE19A0232604FE8327C4FE3E8525
:103D3000325445618280011122CE00102326A4FE58
:103D40000327C4FE23ACE180010072440561828038
:103D50005971A2D68018232EA4F8A30704FE83A7C6
:103D600081819DEB8327C4F983C707003E878327A2
:103D7000C4F983C72700920793F7F70F2324E4FEC3
:103D8000A303F4FE37E700E0832784FEBA970347D6
:103D900074FE2380E74089AC03A7818185476313C4
:103DA000F7088327C4F903C7170085476312F70490
:103DB0008327C4F983C707003E878327C4F983C7D5
:103DC00027009207E207E18793E707F8E207E18718
:103DD00093F7F70F2320E4FEA30FF4FC37E700E08E
:103DE000832704FEBA970347F4FD2380E740EDAA3A
:103DF0008327C4F983C707003E878327C4F983C795
:103E00002700920793F7F70F232CE4FCA30BF4FC95
:103E100037E700E0832784FDBA97034774FD2380CA
:103E2000E740D9A203A781818947631FF70A832747
:103E3000C4F903C71700854763E8E7048327C4F97B
:103E400003C727008327C4F983C717008A0793F79E
:103E5000F70FBA97A307F4FE8327C4F983C70700B7
:103E60003E878347F4FE920793F7F70F2328E4FC7D
:103E7000A307F4FC37E700E0832704FDBA97034764
:103E8000F4FC2380E7408DA28327C4F903C72700F1
:103E90008327C4F983C717009387E70393F7F70FC6
:103EA0008A0793F7F70FBA97A307F4FE8327C4F99D
:103EB00083C707003E878347F4FE9207E207E18746
:103EC00093E707F8E207E18793F7F70F2324E4FC71
:103ED000A303F4FC37E700E0832784FCBA97034789
:103EE00074FC2380E74009A203A781818D47631FEB
:103EF000F70A8327C4F903C717008D4763E8E7046F
:103F00008327C4F903C727008327C4F983C7170091
:103F1000860793F7F70FBA97A307F4FE8327C4F930
:103F200083C707003E878347F4FE920793F7F70F96
:103F30002320E4FCA30FF4FA37E700E0832704FC16
:103F4000BA970347F4FB2380E74079A88327C4F995
:103F500003C727008327C4F983C717009387C707C0
:103F600093F7F70F860793F7F70FBA97A307F4FEB7
:103F70008327C4F983C707003E878347F4FE92076F
:103F8000E207E18793E707F8E207E18793F7F70F86
:103F9000232CE4FAA30BF4FA37E700E0832784FB31
:103FA000BA97034774FB2380E7403DA803A78181AC
:103FB0009147631BF7028327C4F983C707003E8735
:103FC0008327C4F983C71700920793F7F70F2328B5
:103FD000E4FAA307F4FA37E700E0832704FBBA9773
:103FE0000347F4FA2380E7408327C4F9DC4385CBF9
:103FF0008327C4F983C707002324F4FA832784FAAC
:10400000FD8B0547B316F70037E700E0832784FAF6
:104010009583938707048A07BA9794C33DA08327A3
:10402000C4F983C707002322F4FA832744FAFD8BDF
:104030000547B316F70037E700E0832744FA958376
:10404000938707068A07BA9794C3010036546561BF
:104050008280411122C60008B767024037076745D2
:1040600013073712D8C7B76702403797EFCD13074A
:10407000B79AD8C70100324441018280411122C65B
:104080000008B7670240D443B76702403707008093
:10409000558FD8C30100324441018280411122C6AC
:1040A0000008B76702403707674513073712D8CBB8
:1040B000B76702403797EFCD1307B79AD8CB010007
:1040C000324441018280411122C60008B767024094
:1040D00083D70700139707014183B767024013672F
:1040E0000708420741832390E70001003244410161
:1040F0008280411122C60008B76702403707674532
:104100001307371298CBB76702403797EFCD1307E5
:10411000B79A98CB0100324441018280411122C6F6
:10412000000803A7C181B70700805D8F23AEE1803F
:10413000B767024003A7C18198C703A7C181B7072A
:10414000008093C7F7FF7D8F23AEE18001003244EA
:1041500041018280797122D60018232EA4FC2313FA
:1041600004FE231704FE232404FEB767024083D70E
:1041700007002313F4FEB767024083D727002317F5
:10418000F4FEB7670240DC432324F4FE8327C4FD1A
:10419000DC43B5E78357E4FE93F7F7CF2317F4FE2C
:1041A000032784FEC1778507F98F2324F4FE832734
:1041B000C4FDDC5BC207C183A607139707014183D7
:1041C0008357E4FED98F2317F4FE8327C4FD9C4751
:1041D000139717008327C4FDDC478E075D8F832765
:1041E000C4FD9C4B96075D8F8327C4FDDC4B9A076B
:1041F000D98F032784FED98F2324F4FEB5A8832703
:10420000C4FDD84385476319F7060357E4FEFD77DD
:104210009387F73FF98F2317F4FE032784FEB70730
:104220000200FD17F98F2324F4FE8327C4FDDC5B15
:10423000C207C183AE071397070141838357E4FE8A
:10424000D98F2317F4FE8327C4FD9C4713971701CA
:104250008327C4FDDC47CE075D8F8327C4FD9C4BBD
:10426000D6075D8F8327C4FDDC4BDA07D98F032780
:1042700084FED98F2324F4FE8327C4FD9C4F13971B
:10428000070141838327C4FDDC4FC207C1838A072E
:10429000C207C183D98F1397070141838327C4FDC8
:1042A0009C53C207C1839207C207C183D98F13975A
:1042B000070141838327C4FDDC53C207C1839A07EA
:1042C000C207C183D98F1397070141838327C4FD98
:1042D0009C57C207C183A207C207C183D98F139716
:1042E000070141838327C4FDDC57C207C183AA07A6
:1042F000C207C183D98F1397070141838327C4FD68
:104300009C5BC207C183AE07C207C183D98F1397D5
:1043100007014183835764FED98F2313F4FE83572B
:10432000E4FE93F707F02317F4FE8327C4FD03D7B9
:1043300007008357E4FED98F2317F4FEB7670240C6
:10434000035764FE2390E700B76702400357E4FE7B
:104350002391E700B7670240032784FED8C301001A
:10436000325445618280011122CE00102326A4FE22
:104370008327C4FE239007008327C4FE23A20700DF
:104380008327C4FE23A407008327C4FE23A60700B7
:104390008327C4FE23A807008327C4FE23AA07009F
:1043A0008327C4FE23AC07008327C4FE23AE070087
:1043B0008327C4FE23A007028327C4FE23A207028B
:1043C0008327C4FE23A407028327C4FE23A6070273
:1043D0008327C4FE23A807028327C4FE23AA07025B
:1043E0000100724405618280011122CE0010232653
:1043F000A4FE2324B4FE032784FE85476311F7023D
:10440000B7670240D8438327C4FE92078546B39717
:10441000F600BE86B7670240558FD8C305A0B767C0
:104420000240D4438327C4FE92070547B317F70021
:1044300013C7F7FFB7670240758FD8C301007244F6
:1044400005618280797122D60018232EA4FC2326D0
:1044500004FE83A7C1812326F4FE8327C4FD9C4369
:10446000A1E38327C4FE859B2326F4FE8327C4FD96
:10447000DC43139717008327C4FD9C478A075D8F91
:104480008327C4FDDC478E075D8F8327C4FD9C4BCB
:104490009207D98F0327C4FED98F2326F4FE71A873
:1044A0008327C4FD984385476312F7048327C4FE1E
:1044B00093F7F7C32326F4FE8327C4FDDC43139749
:1044C00067008327C4FD9C479E075D8F8327C4FD3B
:1044D000DC47A2075D8F8327C4FD9C4BA607D98FBD
:1044E0000327C4FED98F2326F4FE81A88327C4FDA9
:1044F000984389476313F7040327C4FEE177938742
:10450000F77FF98F2326F4FE8327C4FDDC4313973E
:10451000B7008327C4FD9C47B2075D8F8327C4FD86
:10452000DC47B6075D8F8327C4FD9C4BBA07D98F44
:104530000327C4FED98F2326F4FE0327C4FE23AE2F
:10454000E180B76702400327C4FE98C701003254D8
:1045500045618280011122CE00102326A4FE83270C
:10456000C4FE23A007008327C4FE23A207008327DD
:10457000C4FE23A407008327C4FE23A607008327C5
:10458000C4FE23A807000100724405618280011166
:1045900022CE00102326A4FE2324B4FE032784FE8B
:1045A00085476311F7020327C4FEBA878A07BA97C3
:1045B0000547B317F7003E8783A7C1815D8F23AE00
:1045C000E18005A00327C4FEBA878A07BA9705478A
:1045D000B317F70013C7F7FF83A7C1817D8F23AE01
:1045E000E180B767024003A7C18198C70100724408
:1045F00005618280797122D60018AA87231FF4FCF6
:10460000232604FEB767024083D7070013970701EC
:1046100041838357E4FDF98FC207C18389C785476A
:104620002326F4FE19A0232604FE8327C4FE3E851C
:10463000325445618280011122CE0010AA872317CF
:10464000F4FEB767024083D7070093960701C18243
:104650008357E4FE93C7F7FF139707014183B767BA
:104660000240758F420741832390E70001007244A6
:1046700005618280411106C622C4000885453705C0
:104680000010B92381453705001099230100B2407D
:10469000224441018280797122D60018232EA4FC85
:1046A000232604FEB77700409C432326F4FE83278D
:1046B000C4FE93F7F7F92326F4FE0327C4FE8327ED
:1046C000C4FDD98F2326F4FEB77700400327C4FE2C
:1046D00098C30100325445618280797122D6001856
:1046E000AA87A30FF4FC232604FEB77700409C435F
:1046F0002326F4FE8327C4FEF59B2326F4FEB7771A
:1047000000400327C4FE98C337E700E08567BA97E7
:1047100083A707D1B7E600E013E747008567B697A0
:1047200023A8E7D00347F4FD85476313F70237E773
:1047300000E08567BA9783A707D1B7E600E013F7D3
:1047400077FF8567B69723A8E7D07300501051A86C
:1047500037E700E08567BA9783A707D12324F4FEE3
:1047600037E700E08567BA9783A707D1B7E600E08F
:1047700013E787028567B69723A8E7D037E700E0FD
:104780008567BA9783A707D113F7F7FD832784FEC0
:1047900093F70702B7E600E05D8F8567B69723A819
:1047A000E7D037E700E08567BA9783A707D1B7E678
:1047B00000E013E787008567B69723A8E7D073006A
:1047C000501037E700E08567BA9783A707D1B7E6AF
:1047D00000E013E787008567B69723A8E7D073004A
:1047E000501037E700E08567BA9783A707D1B7E68F
:1047F00000E013F7B7FF8567B69723A8E7D001005D
:10480000325445618280411122C60008B7770040CA
:104810009843B77700401367270098C337E700E055
:104820008567BA9783A707D1B7E600E013E747008B
:104830008567B69723A8E7D037E700E08567BA9782
:1048400083A707D1B7E600E013F777FF8567B69730
:1048500023A8E7D073005010010032444101828048
:10486000797122D60018232EA4FC232604FEB777E4
:104870000040D8438327C4FDF98F89C78547232685
:10488000F4FE19A0232604FE8327C4FE3E8532547D
:1048900045618280011122CE0010232604FEB70755
:1048A0000008D1079843B7075800FD176315F700B4
:1048B00085472326F4FE8327C4FE3E8572440561A6
:1048C0008280411122C60008B71702409843B717EB
:1048D00002401367170098C3B7170240D843B717B1
:1048E000024013670705D8C3B7170240D443B71770
:1048F0000240370700F91307F7F5758FD8C3010099
:10490000324441018280797122D60018AA87A30F10
:10491000F4FC232604FEB71702409C432326F4FE32
:104920008327C4FE93F777F02326F4FE8347F4FD34
:104930008E070327C4FED98F2326F4FEB717024043
:104940000327C4FE98C301003254456182800111DF
:1049500022CE00102326A4FE8327C4FE91CBB717D6
:1049600002409843B71702401367170098C301A885
:10497000B71702409843B7170240799B98C30100CC
:10498000724405618280797122D60018232EA4FC1E
:10499000232604FEB7170240DC432326F4FE8327B8
:1049A000C4FE93F7F7F02326F4FE0327C4FE832703
:1049B000C4FDD98F2326F4FEB71702400327C4FE97
:1049C000D8C30100325445618280797122D6001823
:1049D000232EA4FC232604FE232404FE8327C4FDE7
:1049E0003777DC02130707C098C3B7170240DC43D0
:1049F00093F7070F2326F4FE8327C4FE9183232613
:104A0000F4FEB7070020138707018327C4FEBA9777
:104A100083C7070093F7F70F2324F4FEB71702406C
:104A2000DC4393F7070881EF8327C4FD984383276E
:104A300084FE3357F7028327C4FDD8C319A8832700
:104A4000C4FD9843832784FE3357F7008327C4FDB2
:104A5000D8C38327C4FDD8438327C4FD98C78327C1
:104A6000C4FDD8438327C4FDD8C701003254456133
:104A70008280011122CE00102326A4FE2324B4FE3E
:104A8000832784FE99CBB7170240D44BB717024057
:104A90000327C4FE558FD8CB21A8B7170240D44BAB
:104AA0008327C4FE13C7F7FFB7170240758FD8CB13
:104AB0000100724405618280011122CE001023267C
:104AC000A4FE2324B4FE832784FE99CBB7170240AB
:104AD000944FB71702400327C4FE558F98CF21A8E3
:104AE000B7170240944F8327C4FE13C7F7FFB717C9
:104AF0000240758F98CF01007244056182800111D8
:104B000022CE00102326A4FE2324B4FE832784FE95
:104B100099CBB7170240D44FB71702400327C4FE02
:104B2000558FD8CF21A8B7170240D44F8327C4FE92
:104B300013C7F7FFB7170240758FD8CF0100724433
:104B400005618280011122CE00102326A4FE2324B9
:104B5000B4FE832784FE99CBB7170240D44BB71716
:104B600002400327C4FE558FD8CB21A8B7170240B7
:104B7000D44B8327C4FE13C7F7FFB7170240758FC6
:104B8000D8CB0100724405618280011122CE001051
:104B90002326A4FE2324B4FE832784FE99CBB717D3
:104BA0000240D447B71702400327C4FE558FD8C729
:104BB00021A8B7170240D4478327C4FE13C7F7FFC5
:104BC000B7170240758FD8C7010072440561828013
:104BD000011122CE00102326A4FE2324B4FE832735
:104BE00084FE99CBB7170240944BB71702400327B6
:104BF000C4FE558F98CB21A8B7170240944B83274A
:104C0000C4FE13C7F7FFB7170240758F98CB01009A
:104C1000724405618280011122CE0010AA87A30789
:104C2000F4FEB71702409D070347F4FE2380E70018
:104C30000100724405618280797122D60018AA872A
:104C4000A30FF4FC232204FE232604FE232404FEE7
:104C50008347F4FD958393F7F70F2322F4FE032790
:104C600044FE85476318F700B71702409C4323268C
:104C7000F4FE31A0B7170240DC532326F4FE83472D
:104C8000F4FDFD8B2322F4FE832744FE0327C4FE9C
:104C9000B357F700858B89C785472324F4FE19A0F5
:104CA000232404FE832784FE3E853254456182809E
:104CB000411122C60008B7170240D453B71702406B
:104CC00037070001558FD8D301003244410182805B
:104CD000011106CE22CC00102326A4FE0327C4FE19
:104CE000B73701406318F70085450565793D814573
:104CF0000565613D0100F240624405618280797181
:104D000022D60018232EA4FC232CB4FC231704FE67
:104D10008327C4FD83D707002317F4FE0357E4FE5F
:104D20008D6793870704F98F2317F4FE832784FD8B
:104D300003D70700832784FD83D72700D98F1397D4
:104D400007014183832784FD83D74700D98F1397B9
:104D500007014183832784FD83D76700D98F139789
:104D600007014183832784FD83D78700D98F139759
:104D700007014183832784FD83D7A700D98F139729
:104D800007014183832784FD83D7C700D98F1397F9
:104D900007014183832784FD83D7E700D98F1397C9
:104DA000070141838357E4FED98F2317F4FE83273D
:104DB000C4FD0357E4FE2390E700832784FD03D757
:104DC00007018327C4FD2398E700010032544561A1
:104DD0008280011122CE00102326A4FE8327C4FE68
:104DE000239007008327C4FE239107008327C4FE76
:104DF000239207008327C4FE239307008327C4FE62
:104E0000239407008327C4FE239607008327C4FE4C
:104E1000239707008327C4FE1D472398E70001005E
:104E2000724405618280011122CE00102326A4FE67
:104E30002324B4FE832784FE8DC38327C4FE83D737
:104E40000700C207C18393E7070413970701418353
:104E50008327C4FE2390E70005A08327C4FE83D7E1
:104E60000700C207C18393F7F7FB1397070141833C
:104E70008327C4FE2390E70001007244056182800D
:104E8000797122D60018232EA4FCAE87232AC4FCF5
:104E9000A30DF4FC231704FE231604FE8347B4FD80
:104EA000918393F7F70F2317F4FE8357E4FE05472A
:104EB000B317F7002316F4FE832744FD9DC3832711
:104EC000C4FD83D747001397070141838357C4FE6E
:104ED000D98F1397070141838327C4FD2392E700ED
:104EE00035A08327C4FD83D747001397070141836B
:104EF0008357C4FE93C7F7FFC207C183F98F139787
:104F0000070141838327C4FD2392E7000100325447
:104F100045618280011122CE00102326A4FEAE87B7
:104F20002322C4FE2315F4FE832744FE9DC383275A
:104F3000C4FE83D747001397070141838357A4FE1C
:104F4000D98F1397070141838327C4FE2392E7007B
:104F500035A08327C4FE83D74700139707014183F9
:104F60008357A4FE93C7F7FFC207C183F98F139736
:104F7000070141838327C4FE2392E70001007244A6
:104F800005618280011122CE00102326A4FEAE8787
:104F90002315F4FE8327C4FE0357A4FE2396E700DF
:104FA0000100724405618280011122CE0010232687
:104FB000A4FE8327C4FE83D7C700C207C1833E85F2
:104FC000724405618280011122CE00102326A4FEC6
:104FD000AE872315F4FE0357A4FEC1679387F7EF4E
:104FE0006302F7028327C4FE83D70700C207C18389
:104FF00093E707101397070141838327C4FE23908B
:10500000E70005A08327C4FE83D70700C207C1833A
:1050100093F7F7EF1397070141838327C4FE23908B
:10502000E7000100724405618280011122CE001068
:105030002326A4FE2324B4FE832784FE8DC3832766
:10504000C4FE83D74700C207C18393E74700139785
:10505000070141838327C4FE2392E70039A88327F1
:10506000C4FE83D74700C207C183ED9B1397070196
:1050700041838327C4FE2392E70001007244056147
:105080008280011122CE00102326A4FEAE872315B4
:10509000F4FE8327C4FE83D70700139707014183DB
:1050A000FD779387F77FF98F139707014183832754
:1050B000C4FE2390E7008327C4FE83D7070013971D
:1050C000070141838357A4FED98F139707014183BA
:1050D0008327C4FE2390E7000100724405618280AB
:1050E000011122CE00102326A4FE8327C4FE83D7FD
:1050F00007001397070141838567D98F139707012D
:1051000041838327C4FE2390E700010072440561B8
:105110008280011122CE00102326A4FE2324B4FE97
:10512000832784FE95C38327C4FE83D70700139784
:10513000070141838967D98F13970701418383272B
:10514000C4FE2390E70015A08327C4FE83D7070081
:10515000139707014183F977FD17F98F139707011B
:1051600041838327C4FE2390E70001007244056158
:105170008280797122D60018232EA4FCAE87A30D5D
:10518000F4FC231704FE0347B4FD85476309F700C9
:105190008327C4FD83D787012317F4FE39A0832713
:1051A000C4FD83D747012317F4FE8357E4FE3E85F1
:1051B000325445618280011122CE00102326A4FEC4
:1051C0008327C4FE83D70701C207C1833E8572448B
:1051D00005618280011122CE00102326A4FEAE8735
:1051E0002315F4FE0357A4FE91676313F702832788
:1051F000C4FE83D707001397070141839167D98FB6
:105200001397070141838327C4FE2390E70015A06D
:105210008327C4FE83D70700139707014183F177E3
:10522000FD17F98F1397070141838327C4FE23904D
:10523000E7000100724405618280797122D600186E
:10524000232EA4FCAE87231DF4FC232604FE832713
:10525000C4FD83D787001397070141838357A4FDBB
:10526000F98FC207C18389C785472326F4FE19A099
:10527000232604FE8327C4FE3E8532544561828086
:10528000011122CE00102326A4FEAE872315F4FEC2
:105290008357A4FE93C7F7FF139707014183832722
:1052A000C4FE2394E7000100724405618280797195
:1052B00022D60018232EA4FCAE87A30DF4FC2326CF
:1052C00004FE231504FE231404FE231304FE834767
:1052D000B4FDBD8B0547B317F7002315F4FE8347D4
:1052E000B4FD918393F7F70F2314F4FE835784FEE4
:1052F0000547B317F7002314F4FE8327C4FD83D7B3
:105300004700139707014183835784FEF98F2313C6
:10531000F4FE8327C4FD83D78700139707014183D9
:105320008357A4FEF98FC207C18381CB835764FEE4
:1053300089C785472326F4FE19A0232604FE832768
:10534000C4FE3E85325445618280797122D60018B0
:10535000232EA4FCAE87A30DF4FC231704FE834781
:10536000B4FDBD8B0547B317F7002317F4FE835731
:10537000E4FE93C7F7FF1397070141838327C4FD1A
:105380002394E7000100325445618280011106CE6A
:1053900022CC00102326A4FE0327C4FEB737014009
:1053A000938707C0631FF7008545856713850780CE
:1053B000EFF0AFFD8145856713850780EFF0EFFCC7
:1053C00081A00327C4FEB7070040631BF700854593
:1053D0000545EFF0EFFF81450545EFF06FFF0DA0AC
:1053E0000327C4FEB707004093870740631AF700FE
:1053F00085450945EFF0CFFD81450945EFF04FFDAB
:105400000100F240624405618280797122D6001861
:10541000232EA4FC232CB4FC231704FE8327C4FDF5
:1054200083D707002317F4FE0327C4FDB7370140D5
:10543000938707C06308F7000327C4FDB707004040
:105440006311F7028357E4FE93F7F7F82317F4FE8E
:10545000832784FD03D727008357E4FED98F2317C2
:10546000F4FE8357E4FE93F7F7CF2317F4FE832768
:1054700084FD03D767008357E4FED98F2317F4FE1A
:105480008327C4FD0357E4FE2390E700832784FDB0
:1054900003D747008327C4FD2396E702832784FDB3
:1054A00003D707008327C4FD2394E7020327C4FD25
:1054B000B7370140938707C06308F7000327C4FD8F
:1054C000B7070040631DF700832784FD83C787006B
:1054D0001397070141838327C4FD2398E70283279D
:1054E000C4FD0547239AE7000100325445618280DC
:1054F000797122D60018232EA4FC232CB4FC23158A
:1055000004FE231704FE231604FE8327C4FD83D75D
:105510000702C207C183F99B1397070141838327C1
:10552000C4FD2390E7028327C4FD83D70702231716
:10553000F4FE8327C4FD83D747002316F4FE832798
:10554000C4FD83D787012315F4FE8357A4FE93F788
:10555000F7F82315F4FE8357A4FEF19B2315F4FE00
:10556000832784FD03D707008357A4FED98F231513
:10557000F4FE8357E4FEF59B2317F4FE832784FD96
:1055800003D787008357E4FED98F2317F4FE8327C0
:1055900084FD03D727008357E4FED98F2317F4FE39
:1055A0000327C4FDB7370140938707C06308F7009E
:1055B0000327C4FDB7070040631CF7068357E4FECA
:1055C000DD9B2317F4FE832784FD03D7A7008357B1
:1055D000E4FED98F2317F4FE8357E4FEED9B2317D7
:1055E000F4FE832784FD03D747008357E4FED98F59
:1055F0002317F4FE8357C4FE93F7F7EF2316F4FE48
:105600008357C4FE93F7F7DF2316F4FE832784FD48
:1056100003D7C7008357C4FED98F2316F4FE832710
:1056200084FD03D7E7008357C4FED98F2316F4FE09
:105630008327C4FD0357C4FE2392E7008327C4FDDC
:105640000357A4FE239CE700832784FD03D767004C
:105650008327C4FD239AE7028327C4FD0357E4FE92
:105660002390E7020100325445618280797122D68D
:105670000018232EA4FC232CB4FC231504FE2317AE
:1056800004FE231604FE8327C4FD83D70702C20746
:10569000C183BD9B1397070141838327C4FD2390DA
:1056A000E7028327C4FD83D707022317F4FE83276D
:1056B000C4FD83D747002316F4FE8327C4FD83D798
:1056C00087012315F4FE0357A4FEE577FD17F98F34
:1056D0002315F4FE8357A4FE93F7F7CF2315F4FEAA
:1056E000832784FD83D70700A2071397070141830F
:1056F0008357A4FED98F2315F4FE8357E4FE93F756
:10570000F7FD2317F4FE832784FD83D787009207D4
:105710001397070141838357E4FED98F2317F4FEC3
:10572000832784FD83D727009207139707014183BE
:105730008357E4FED98F2317F4FE0327C4FDB73740
:105740000140938707C06308F7000327C4FDB7072C
:1057500000406310F70A8357E4FE93F7F7F7231727
:10576000F4FE832784FD83D7A700920713970701D0
:1057700041838357E4FED98F2317F4FE8357E4FE59
:1057800093F7F7FB2317F4FE832784FD83D74700A5
:1057900092071397070141838357E4FED98F23179C
:1057A000F4FE8357C4FE93F7F7BF2316F4FE0357A6
:1057B000C4FEFD779387F77FF98F2316F4FE8327C6
:1057C00084FD83D7C7008A07139707014183835756
:1057D000C4FED98F2316F4FE832784FD83D7E70008
:1057E0008A071397070141838357C4FED98F231675
:1057F000F4FE8327C4FD0357C4FE2392E7008327EA
:10580000C4FD0357A4FE239CE700832784FD03D730
:1058100067008327C4FD239CE7028327C4FD035749
:10582000E4FE2390E70201003254456182807971E1
:1058300022D60018232EA4FC232CB4FC231504FE2E
:10584000231704FE231604FE8327C4FD83D7070213
:10585000C207C18393F7F7EF1397070141838327AB
:10586000C4FD2390E7028327C4FD83D707022317D3
:10587000F4FE8327C4FD83D747002316F4FE832755
:10588000C4FD83D7C7012315F4FE8357A4FE93F705
:10589000F7F82315F4FE8357A4FEF19B2315F4FEBD
:1058A000832784FD03D707008357A4FED98F2315D0
:1058B000F4FE8357E4FE93F7F7DF2317F4FE832704
:1058C00084FD83D78700A20713970701418383577D
:1058D000E4FED98F2317F4FE832784FD83D72700A6
:1058E000A2071397070141838357E4FED98F23173B
:1058F000F4FE0327C4FDB7370140938707C0630850
:10590000F7000327C4FDB70700406312F70A0357E7
:10591000E4FEFD779387F77FF98F2317F4FE832743
:1059200084FD83D7A700A2071397070141838357FC
:10593000E4FED98F2317F4FE8357E4FE93F7F7BFF5
:105940002317F4FE832784FD83D74700A20713970C
:10595000070141838357E4FED98F2317F4FE0357D1
:10596000C4FEFD77FD17F98F2316F4FE0357C4FE1E
:10597000F977FD17F98F2316F4FE832784FD83D76B
:10598000C70092071397070141838357C4FED98F3D
:105990002316F4FE832784FD83D7E700920713972D
:1059A000070141838357C4FED98F2316F4FE832752
:1059B000C4FD0357C4FE2392E7008327C4FD0357A9
:1059C000A4FE239EE700832784FD03D76700832777
:1059D000C4FD239EE7028327C4FD0357E4FE239002
:1059E000E7020100325445618280797122D60018A5
:1059F000232EA4FC232CB4FC231604FE231504FE42
:105A0000231704FE8327C4FD83D7070213970701DA
:105A10004183FD77FD17F98F139707014183832792
:105A2000C4FD2390E7028327C4FD83D70702231513
:105A3000F4FE8327C4FD83D747002317F4FE832792
:105A4000C4FD83D7C7012316F4FE0357C4FEE577D0
:105A5000FD17F98F2316F4FE8357C4FE93F7F7CF93
:105A60002316F4FE832784FD83D70700A20713972C
:105A7000070141838357C4FED98F2316F4FE0357D1
:105A8000A4FEF977FD17F98F2315F4FE832784FD13
:105A900083D78700B2071397070141838357A4FE7A
:105AA000D98F2315F4FE832784FD83D72700B207FF
:105AB0001397070141838357A4FED98F2315F4FE62
:105AC0000327C4FDB7370140938707C06308F70079
:105AD0000327C4FDB70700406316F7020357E4FE2F
:105AE000F177FD17F98F2317F4FE832784FD83D701
:105AF000C7009A071397070141838357E4FED98FA4
:105B00002317F4FE8327C4FD0357E4FE2392E70026
:105B10008327C4FD0357C4FE239EE700832784FD2B
:105B200003D767008327C4FD2390E7048327C4FDC0
:105B30000357A4FE2390E70201003254456182809E
:105B4000011106CE22CC00102326A4FE2324B4FE8D
:105B5000832784FE83D707008DEF832784FE03D736
:105B60002700832784FE03D64700832784FE83D73C
:105B70008700BE86BA850325C4FEEF101037832741
:105B800084FE83D76700BE850325C4FEEF10C07C6A
:105B9000D1A0832784FE03D707009147631EF70235
:105BA000832784FE03D72700832784FE03D647007C
:105BB000832784FE83D78700BE86BA850325C4FE6B
:105BC000EF101044832784FE83D76700BE8503252A
:105BD000C4FEEF10C07DBDA8832784FE03D7070055
:105BE000A147631EF702832784FE03D7270083277C
:105BF00084FE03D64700832784FE83D78700BE86B2
:105C0000BA850325C4FEEF101053832784FE83D783
:105C10006700BE850325C4FEEF10A07F25A883275B
:105C200084FE03D72700832784FE03D647008327FB
:105C300084FE83D78700BE86BA850325C4FEEF1095
:105C40007062832784FE83D76700BE850325C4FE68
:105C5000EF1090010100F240624405618280797189
:105C600006D622D40018232EA4FC232CB4FC231720
:105C700004FE85472316F4FE832784FD83D727007F
:105C800089E789472317F4FE19A0231704FE832709
:105C900084FD03D7470085476316F700894723161D
:105CA000F4FE21A085472316F4FE832784FD83D7C5
:105CB0000700A5E7832784FD03D72700832784FDFA
:105CC00003D64700832784FD83D78700BE86BA8525
:105CD0000325C4FDEF107021832784FD83D767005F
:105CE000BE850325C4FDEF102067832784FD83D67E
:105CF00087000357C4FE8357E4FE3A86BE8503251A
:105D0000C4FDEF10F02F832784FD83D76700BE8585
:105D10000325C4FDEF10A0699DA0832784FD03D750
:105D20002700832784FD03D64700832784FD83D77C
:105D30008700BE86BA850325C4FDEF10702C83272B
:105D400084FD83D76700BE850325C4FDEF10206660
:105D5000832784FD83D687000357C4FE8357E4FE60
:105D60003A86BE850325C4FDEF103018832784FDD5
:105D700083D76700BE850325C4FDEF10E05D0100F9
:105D8000B250225445618280011122CE0010232698
:105D9000A4FE2324B4FE832784FE03D707008327B1
:105DA00084FE83D72700D98F139707014183832768
:105DB00084FE83D74700D98F139707014183832738
:105DC00084FE83D76700D98F139707014183832708
:105DD00084FE83D78700D98F1397070141838327D8
:105DE00084FE83D7A700D98F1397070141838327A8
:105DF00084FE83D7C700D98F139707014183832778
:105E0000C4FE2392E70401007244056182800111FF
:105E100022CE00102326A4FE8327C4FE7D572392A2
:105E2000E7008327C4FE239007008327C4FE239343
:105E300007008327C4FE239107008327C4FE238421
:105E400007000100724405618280011122CE00101A
:105E50002326A4FE8327C4FE239007008327C4FEC5
:105E6000239107008327C4FE239207008327C4FEE3
:105E7000239307008327C4FE239407008327C4FECF
:105E8000239507008327C4FE239607008327C4FEBB
:105E9000239707000100724405618280011122CE20
:105EA00000102326A4FE8327C4FE23900700832727
:105EB000C4FE239107008327C4FE05472392E70011
:105EC0008327C4FE239307008327C4FE239407007F
:105ED0000100724405618280011122CE0010232648
:105EE000A4FE8327C4FE239007008327C4FE2391CA
:105EF00007008327C4FE239207008327C4FE239351
:105F000007008327C4FE239407008327C4FE23953C
:105F100007008327C4FE2396070001007244056131
:105F20008280011122CE00102326A4FE2324B4FE79
:105F3000832784FE8DC38327C4FE83D70700C2074F
:105F4000C18393E717001397070141838327C4FE9A
:105F50002390E70039A88327C4FE83D70700C20730
:105F6000C183F99B1397070141838327C4FE2390C4
:105F7000E7000100724405618280011122CE001009
:105F80002326A4FE2324B4FE832784FE95C38327FF
:105F9000C4FE83D74704139707014183E177D98F64
:105FA0001397070141838327C4FE2392E70415A0BA
:105FB0008327C4FE83D74704139707014183A16752
:105FC000FD17F98F1397070141838327C4FE23929E
:105FD000E7040100724405618280011122CE0010A5
:105FE0002326A4FEAE872322C4FE2315F4FE8327B6
:105FF00044FE9DC38327C4FE83D7C70013970701C0
:1060000041838357A4FED98F1397070141838327C8
:10601000C4FE2396E70035A08327C4FE83D7C700BC
:106020001397070141838357A4FE93C7F7FFC20765
:10603000C183F98F1397070141838327C4FE2396F9
:10604000E7000100724405618280011122CE001038
:106050002326A4FEAE872315F4FE8327C4FE035730
:10606000A4FE239AE70001007244056182800111B9
:1060700022CE00102326A4FEAE8732872315F4FE1D
:10608000BA872314F4FE0357A4FE835784FED98FE6
:106090001397070141838327C4FE2394E70401007B
:1060A000724405618280011122CE00102326A4FED5
:1060B000AE872322C4FE2315F4FE832744FE9DC32E
:1060C0008327C4FE83D7C7001397070141838357F3
:1060D000A4FED98F1397070141838327C4FE23961B
:1060E000E70035A08327C4FE83D7C70013970701B5
:1060F00041838357A4FE93C7F7FFC207C183F98F7B
:106100001397070141838327C4FE2396E70001000C
:10611000724405618280011122CE00102326A4FE64
:106120008327C4FE83D78700C207C183E19B1397EF
:10613000070141838327C4FE2394E70001007244D2
:1061400005618280011106CE22CC00102326A4FE18
:10615000AE872315F4FE8357A4FEBE850325C4FE37
:1061600055248327C4FE83D78700C207C18393E7E2
:1061700077001397070141838327C4FE2394E70028
:106180000100F240624405618280011106CE22CCFA
:1061900000102326A4FEAE8736872315F4FEB287AF
:1061A0002314F4FEBA872313F4FE0357A4FE9307C7
:1061B0000006631EF700035764FE835784FEBA8609
:1061C0000546BE850325C4FEEF10806321A8035752
:1061D00064FE835784FEBA860546BE850325C4FE49
:1061E000EF10A0508357A4FEBE850325C4FE192CD2
:1061F0008327C4FE83D78700C207C18393E7770054
:106200001397070141838327C4FE2394E70001000D
:10621000F240624405618280797106D622D400186A
:10622000232EA4FCAE873687231DF4FCB287231CE3
:10623000F4FCBA87231BF4FC231704FE835664FD89
:10624000035784FD8357A4FD3A86BE850325C4FD0C
:106250004D288327C4FD83D787002317F4FE835777
:10626000E4FEE19B2317F4FE8357E4FE93E77700F7
:106270002317F4FE8357E4FE93F7F7F82317F4FE91
:106280008357E4FE93E707072317F4FE8327C4FD33
:106290000357E4FE2394E7000100B2502254456105
:1062A0008280011106CE22CC00102326A4FEAE87E8
:1062B00036872315F4FEB2872314F4FEBA8723131E
:1062C000F4FE835664FE035784FE8357A4FE3A8689
:1062D000BE850325C4FE35208327C4FE83D78700EF
:1062E0001397070141839167D98F13970701418362
:1062F0008327C4FE2394E7000100F2406244056155
:106300008280797122D60018232EA4FCAE873687AE
:10631000231DF4FCB287231CF4FCBA87231BF4FC76
:10632000231704FE8327C4FD83D787002317F4FEB9
:106330008357E4FE93F7F70F2317F4FE835764FDAA
:10634000A207139707014183835784FDD98F1397C1
:10635000070141838357A4FDD98F13970701418318
:106360008357E4FED98F2317F4FE8327C4FD035718
:10637000E4FE2394E700010032544561828001115C
:1063800022CE00102326A4FEAE8732872315F4FE0A
:10639000BA872314F4FE8327C4FE0357A4FE239474
:1063A000E7028327C4FE035784FE239AE700010017
:1063B000724405618280797122D60018232EA4FCD4
:1063C000AE87231DF4FC231704FE8327C4FD83D767
:1063D00007002317F4FE8357E4FE93F7F7F823171B
:1063E000F4FE0357E4FE8357A4FDD98F2317F4FE70
:1063F0008327C4FD0357E4FE2390E70001003254D5
:1064000045618280797122D60018232EA4FCAE87C4
:10641000231DF4FC231704FE8327C4FD83D78700C4
:106420002317F4FE8357E4FE93F7F7F82317F4FEDF
:106430000357E4FE8357A4FDD98F2317F4FE832767
:10644000C4FD0357E4FE2394E70001003254456184
:106450008280797122D60018232EA4FCAE8736875D
:10646000231DF4FCB287231CF4FCBA87231BF4FC25
:10647000231704FE231604FE231504FE8327C4FD00
:1064800083D787002317F4FE8327C4FD83D78701B2
:106490002316F4FE8327C4FD83D707022315F4FED9
:1064A0008357E4FEE19B2317F4FE0357E4FE835772
:1064B000A4FDD98F2317F4FE8357C4FE93F7C7CFEB
:1064C0002316F4FE8357C4FE93E717102316F4FE39
:1064D0008357A4FE93F7D7FD2315F4FE835764FD7D
:1064E0009207139707014183835784FDD98F139730
:1064F000070141838357A4FED98F2315F4FE832718
:10650000C4FD0357E4FE2394E7008327C4FD03572B
:10651000C4FE239CE7008327C4FD0357A4FE2390F9
:10652000E7020100325445618280797122D6001859
:10653000232EA4FCAE87231DF4FC231704FE83271F
:10654000C4FD83D787012317F4FE8357E4FE93F736
:10655000F7F82317F4FE0357E4FE8357A4FDD98F01
:106560002317F4FE8327C4FD0357E4FE239CE700B2
:106570000100325445618280797122D60018232EA1
:10658000A4FCAE87231DF4FC231704FE8327C4FD5F
:1065900083D787012317F4FE0357E4FEE577FD1741
:1065A000F98F2317F4FE8357A4FDA2071397070161
:1065B00041838357E4FED98F2317F4FE8327C4FD5C
:1065C0000357E4FE239CE7000100325445618280BA
:1065D000797122D60018232EA4FCAE87231DF4FC6B
:1065E000231704FE8327C4FD83D7C7012317F4FEB6
:1065F0008357E4FE93F7F7F82317F4FE0357E4FEFE
:106600008357A4FDD98F2317F4FE8327C4FD0357B6
:10661000E4FE239EE70001003254456182807971D7
:1066200022D60018232EA4FCAE87231DF4FC2317CA
:1066300004FE8327C4FD83D7C7012317F4FE035745
:10664000E4FEE577FD17F98F2317F4FE8357A4FDC9
:10665000A2071397070141838357E4FED98F2317BD
:10666000F4FE8327C4FD0357E4FE239EE7000100E8
:10667000325445618280011122CE00102326A4FEEF
:106680002324B4FE832784FE8DC38327C4FE83D7CF
:106690000700C207C18393E70708139707014183E7
:1066A0008327C4FE2390E70005A08327C4FE83D779
:1066B0000700C207C18393F7F7F7139707014183D8
:1066C0008327C4FE2390E7000100724405618280A5
:1066D000011122CE00102326A4FE2324B4FE83271A
:1066E00084FE8DC38327C4FE83D74700C207C183BE
:1066F00093E747001397070141838327C4FE239242
:10670000E70039A88327C4FE83D74700C207C183A7
:10671000ED9B1397070141838327C4FE2392E70073
:106720000100724405618280011122CE00102326EF
:10673000A4FE2324B4FE832784FE8DC38327C4FED6
:1067400083D74700C207C18393E7870013970701E8
:1067500041838327C4FE2392E70039A88327C4FE20
:1067600083D74700C207C183DD9B1397070141838D
:106770008327C4FE2392E7000100724405618280F2
:10678000011122CE00102326A4FE2324B4FE832769
:1067900084FE8DC38327C4FE83D74700C207C1830D
:1067A00093E717001397070141838327C4FE2392C1
:1067B000E70039A88327C4FE83D74700C207C183F7
:1067C000F99B1397070141838327C4FE2392E700B7
:1067D0000100724405618280797122D60018232E4F
:1067E000A4FCAE87231DF4FC231704FE8327C4FDFD
:1067F00083D787012317F4FE8357E4FEDD9B23171D
:10680000F4FE0357E4FE8357A4FDD98F2317F4FE4B
:106810008327C4FD0357E4FE239CE70001003254A4
:1068200045618280797122D60018232EA4FCAE87A0
:10683000231DF4FC231704FE8327C4FD83D787019F
:106840002317F4FE0357E4FEFD779387F77FF98F54
:106850002317F4FE8357A4FDA20713970701418372
:106860008357E4FED98F2317F4FE8327C4FD035713
:10687000E4FE239CE7000100325445618280797177
:1068800022D60018232EA4FCAE87231DF4FC231768
:1068900004FE8327C4FD83D7C7012317F4FE835763
:1068A000E4FEDD9B2317F4FE0357E4FE8357A4FDAB
:1068B000D98F2317F4FE8327C4FD0357E4FE239EDC
:1068C000E7000100325445618280797122D60018B8
:1068D000232EA4FCAE87231DF4FC231704FE83277C
:1068E000C4FD83D7C7012317F4FE0357E4FEFD77E9
:1068F0009387F77FF98F2317F4FE8357A4FDA20730
:106900001397070141838357E4FED98F2317F4FEC1
:106910008327C4FD0357E4FE239EE70001003254A1
:1069200045618280797122D60018232EA4FCAE879F
:10693000231DF4FC231704FE8327C4FD83D787019E
:106940002317F4FE8357E4FEED9B2317F4FE035751
:10695000E4FE8357A4FDD98F2317F4FE8327C4FDDB
:106960000357E4FE239CE700010032544561828016
:10697000797122D60018232EA4FCAE87231DF4FCC7
:10698000231704FE8327C4FD83D787012317F4FE52
:106990008357E4FE93F7F7BF2317F4FE8357A4FD54
:1069A000A2071397070141838357E4FED98F23176A
:1069B000F4FE8327C4FD0357E4FE239CE700010097
:1069C000325445618280797122D60018232EA4FCAE
:1069D000AE87231DF4FC231704FE8327C4FD83D751
:1069E000C7012317F4FE8357E4FEED9B2317F4FE43
:1069F0000357E4FE8357A4FDD98F2317F4FE8327A2
:106A0000C4FD0357E4FE239EE700010032544561B4
:106A10008280797122D60018232EA4FCAE87231D14
:106A2000F4FC231704FE8327C4FD83D7C701231773
:106A3000F4FE8357E4FE93F7F7BF2317F4FE835762
:106A4000A4FDA2071397070141838357E4FED98F62
:106A50002317F4FE8327C4FD0357E4FE239EE700BB
:106A60000100325445618280797122D60018232EAC
:106A7000A4FCAE87231DF4FC231704FE8327C4FD6A
:106A800083D787012317F4FE8357E4FE93F7F7F7C4
:106A90002317F4FE0357E4FE8357A4FDD98F231771
:106AA000F4FE8327C4FD0357E4FE239CE7000100A6
:106AB000325445618280797122D60018232EA4FCBD
:106AC000AE87231DF4FC231704FE8327C4FD83D760
:106AD00087012317F4FE0357E4FEA167FD17F98F22
:106AE0002317F4FE8357A4FDA207139707014183E0
:106AF0008357E4FED98F2317F4FE8327C4FD035781
:106B0000E4FE239CE70001003254456182807971E4
:106B100022D60018232EA4FCAE87231DF4FC2317D5
:106B200004FE8327C4FD83D7C7012317F4FE8357D0
:106B3000E4FE93F7F7F72317F4FE0357E4FE8357B9
:106B4000A4FDD98F2317F4FE8327C4FD0357E4FE69
:106B5000239EE7000100325445618280797122D67C
:106B60000018232EA4FCAE87231DF4FC231704FE7B
:106B70008327C4FD83D7C7012317F4FE0357E4FE20
:106B8000A167FD17F98F2317F4FE8357A4FDA20711
:106B90001397070141838357E4FED98F2317F4FE2F
:106BA0008327C4FD0357E4FE239EE700010032540F
:106BB00045618280797122D60018232EA4FCAE870D
:106BC000231DF4FC231704FE8327C4FD83D707028B
:106BD0002317F4FE8357E4FEF59B2317F4FE0357B7
:106BE000E4FE8357A4FDD98F2317F4FE8327C4FD49
:106BF0000357E4FE2390E70201003254456182808E
:106C0000797122D60018232EA4FCAE87231DF4FC34
:106C1000231704FE8327C4FD83D707022317F4FE3E
:106C20008357E4FEDD9B2317F4FE0357E4FE8357EE
:106C3000A4FDD98F2317F4FE8327C4FD0357E4FE78
:106C40002390E7020100325445618280797122D697
:106C50000018232EA4FCAE87231DF4FC231704FE8A
:106C60008327C4FD83D707022317F4FE8357E4FE6E
:106C700093F7F7FD2317F4FE8357A4FD92071397AC
:106C8000070141838357E4FED98F2317F4FE83273E
:106C9000C4FD0357E4FE2390E7020100325445612E
:106CA0008280797122D60018232EA4FCAE87231D82
:106CB000F4FC231704FE8327C4FD83D707022317A0
:106CC000F4FE8357E4FE93F7F7F72317F4FE835798
:106CD000A4FD92071397070141838357E4FED98FE0
:106CE0002317F4FE8327C4FD0357E4FE2390E70235
:106CF0000100325445618280797122D60018232E1A
:106D0000A4FCAE87231DF4FC231704FE8327C4FDD7
:106D100083D707022317F4FE8357E4FE93F7F7DFC8
:106D20002317F4FE8357A4FDA2071397070141839D
:106D30008357E4FED98F2317F4FE8327C4FD03573E
:106D4000E4FE2390E70201003254456182807971AC
:106D500022D60018232EA4FCAE87231DF4FC231793
:106D600004FE8327C4FD83D707022317F4FE0357CD
:106D7000E4FEFD779387F77FF98F2317F4FE83579F
:106D8000A4FDA2071397070141838357E4FED98F1F
:106D90002317F4FE8327C4FD0357E4FE2390E70284
:106DA0000100325445618280797122D60018232E69
:106DB000A4FCAE87231DF4FC231704FE8327C4FD27
:106DC00083D707022317F4FE0357E4FEF977FD1774
:106DD000F98F2317F4FE8357A4FDB2071397070119
:106DE00041838357E4FED98F2317F4FE8327C4FD24
:106DF0000357E4FE2390E70201003254456182808C
:106E0000797122D60018232EA4FCAE873287231D69
:106E1000F4FCBA87231CF4FC231704FE8357A4FD5B
:106E20000547B317F7002317F4FE8327C4FD83D764
:106E300007021397070141838357E4FE93C7F7FFC7
:106E4000C207C183F98F1397070141838327C4FDCC
:106E50002390E7028327C4FD83D707021397070116
:106E60004183835684FD8357A4FDB397F600C20780
:106E7000C183D98F1397070141838327C4FD2390D2
:106E8000E7020100325445618280797122D60018F0
:106E9000232EA4FCAE873287231DF4FCBA87231C63
:106EA000F4FC231704FE8357A4FD1147B317F70022
:106EB0002317F4FE8327C4FD83D707021397070126
:106EC00041838357E4FE93C7F7FFC207C183F98F5D
:106ED0001397070141838327C4FD2390E70283278B
:106EE000C4FD83D70702139707014183835684FDAE
:106EF0008357A4FDB397F600C207C183D98F1397B8
:106F0000070141838327C4FD2390E7020100325427
:106F100045618280797122D60018232EA4FCAE87A9
:106F20003287231DF4FCBA87231CF4FC232604FEBD
:106F3000231504FE8327C4FD2326F4FE8327C4FE05
:106F4000E1072326F4FE8357A4FD0547B317F70096
:106F50002315F4FE8327C4FD83D707021397070187
:106F600041838357A4FE93C7F7FFC207C183F98FFC
:106F70001397070141838327C4FD2390E7028357BA
:106F8000A4FD91C70357A4FDA147631FF7028357D0
:106F9000A4FD8583C207C1833E878327C4FEBA97B9
:106FA0002326F4FE8327C4FE98438327C4FE137769
:106FB000F7F898C38327C4FE9443035784FD8327BF
:106FC000C4FE558F98C3A9A08357A4FDF117C2072B
:106FD000C1838583C207C1833E878327C4FEBA97D6
:106FE0002326F4FE8327C4FE94438327C4FE6577DB
:106FF0007D17758F98C38327C4FE9843835784FDFC
:10700000A207C207C183BE868327C4FE558F98C3DB
:107010000100325445618280011122CE00102326E6
:10702000A4FE2324B4FE832784FE8DC38327C4FEDD
:1070300083D70700C207C18393E72700139707018F
:1070400041838327C4FE2390E70039A88327C4FE29
:1070500083D70700C207C183F59B139707014183BC
:107060008327C4FE2390E7000100724405618280FB
:10707000011122CE00102326A4FEAE872315F4FEB4
:107080008357A4FE8DC38327C4FE83D70700C2079E
:10709000C18393E747001397070141838327C4FE09
:1070A0002390E70039A88327C4FE83D70700C207CF
:1070B000C183ED9B1397070141838327C4FE23906F
:1070C000E7000100724405618280011122CE0010A8
:1070D0002326A4FE2324B4FE832784FE8DC38327A6
:1070E000C4FE83D74700C207C18393E707081397FD
:1070F000070141838327C4FE2392E70005A083276D
:10710000C4FE83D74700C207C18393F7F7F71397ED
:10711000070141838327C4FE2392E70001007244E4
:1071200005618280011122CE00102326A4FEAE87C5
:107130002315F4FE8327C4FE83D70700C207C1834B
:10714000DD9B1397070141838327C4FE2390E7004B
:107150008327C4FE83D70700139707014183835712
:10716000A4FED98F1397070141838327C4FE239080
:10717000E7000100724405618280011122CE0010F7
:107180002326A4FEAE872315F4FE8327C4FE83D7EF
:107190004700C207C18393F7F7F8139707014183AC
:1071A0008327C4FE2392E7008327C4FE83D74700CA
:1071B0001397070141838357A4FED98F13970701C3
:1071C00041838327C4FE2392E700010072440561D6
:1071D0008280011122CE00102326A4FEAE87231543
:1071E000F4FE8327C4FE83D78700C207C183E19BD7
:1071F0001397070141838327C4FE2394E700832765
:10720000C4FE83D787001397070141838357A4FEE9
:10721000D98F1397070141838327C4FE2394E70086
:107220000100724405618280011122CE00102326E4
:10723000A4FEAE872315F4FE8327C4FE83D7870000
:10724000C207C18393F7F7F7139707014183832799
:10725000C4FE2394E7008327C4FE83D787001397D7
:10726000070141838357A4FED98F139707014183F8
:107270008327C4FE2394E7000100724405618280E5
:10728000011122CE00102326A4FEAE872315F4FEA2
:107290008327C4FE0357A4FE2392E7020100724431
:1072A00005618280011122CE00102326A4FEAE8744
:1072B0002315F4FE8327C4FE0357A4FE2396E7029A
:1072C0000100724405618280011122CE0010232644
:1072D000A4FEAE872315F4FE8327C4FE0357A4FE45
:1072E000239AE7020100724405618280011122CED7
:1072F00000102326A4FEAE872315F4FE8327C4FEC8
:107300000357A4FE239CE7020100724405618280BA
:10731000011122CE00102326A4FEAE872315F4FE11
:107320008327C4FE0357A4FE239EE7020100724494
:1073300005618280011122CE00102326A4FEAE87B3
:107340002315F4FE8327C4FE0357A4FE2390E7040D
:107350000100724405618280011122CE00102326B3
:10736000A4FEAE872315F4FE8327C4FE83D78701CE
:10737000C207C183CD9B1397070141838327C4FEB6
:10738000239CE7008327C4FE83D787011397070157
:1073900041838357A4FED98F139707014183832725
:1073A000C4FE239CE7000100724405618280011144
:1073B00022CE00102326A4FEAE872315F4FE8327D9
:1073C000C4FE83D78701139707014183FD77938715
:1073D000F73FF98F1397070141838327C4FE239C4E
:1073E000E7008327C4FE83D78701139707014183F2
:1073F0008357A4FEA207C207C183D98F1397070141
:1074000041838327C4FE239CE70001007244056189
:107410008280011122CE00102326A4FEAE87231500
:10742000F4FE8327C4FE83D7C701C207C183CD9B67
:107430001397070141838327C4FE239EE700832718
:10744000C4FE83D7C7011397070141838357A4FE66
:10745000D98F1397070141838327C4FE239EE7003A
:107460000100724405618280011122CE00102326A2
:10747000A4FEAE872315F4FE8327C4FE83D7C7017D
:10748000139707014183FD779387F73FF98F139790
:10749000070141838327C4FE239EE7008327C4FEA0
:1074A00083D7C7011397070141838357A4FEA2071F
:1074B000C207C183D98F1397070141838327C4FE75
:1074C000239EE7000100724405618280011122CEF3
:1074D00000102326A4FEAE872315F4FE8327C4FEE6
:1074E00083D70700C207C18393F7F7CF139707012C
:1074F00041838327C4FE2390E7008327C4FE83D7FC
:1075000007001397070141838357A4FED98F139770
:10751000070141838327C4FE2390E70001007244E2
:1075200005618280011122CE00102326A4FE83274C
:10753000C4FE83D74703C207C1833E8572440561F9
:107540008280011122CE00102326A4FE8327C4FED0
:1075500083D78703C207C1833E8572440561828059
:10756000011122CE00102326A4FE8327C4FE83D758
:10757000C703C207C1833E85724405618280011141
:1075800022CE00102326A4FE8327C4FE83D707043F
:10759000C207C1833E85724405618280011122CEFB
:1075A00000102326A4FE8327C4FE83D74702C20708
:1075B000C1833E85724405618280011122CE001094
:1075C0002326A4FE8327C4FE83D78702C207C18374
:1075D0003E85724405618280797122D60018232E7F
:1075E000A4FCAE87231DF4FC232604FE8327C4FDE0
:1075F00083D707011397070141838357A4FDF98FB0
:10760000C207C18389C785472326F4FE19A0232614
:1076100004FE8327C4FE3E853254456182800111F9
:1076200022CE00102326A4FEAE872315F4FE835736
:10763000A4FE93C7F7FF1397070141838327C4FE76
:107640002398E7000100724405618280797122D697
:107650000018232EA4FCAE87231DF4FC232604FE71
:10766000231504FE231404FE8327C4FD83D70701DA
:107670001397070141838357A4FDF98F2315F4FE67
:107680008327C4FD83D7C70013970701418383571E
:10769000A4FDF98F2314F4FE8357A4FE81CB8357F6
:1076A00084FE89C785472326F4FE19A0232604FEFD
:1076B0008327C4FE3E85325445618280011122CE6B
:1076C00000102326A4FEAE872315F4FE8357A4FEE4
:1076D00093C7F7FF1397070141838327C4FE2398BD
:1076E000E7000100724405618280797122D600189A
:1076F000232EA4FCAE873687231DF4FCB287231CFF
:10770000F4FCBA87231BF4FC231604FE231704FEA3
:107710008327C4FD83D70702C207C183F99B139750
:10772000070141838327C4FD2390E7028327C4FD1B
:1077300083D787012316F4FE8327C4FD83D707026E
:107740002317F4FE8357C4FE93F7C7F02316F4FE05
:10775000835764FD9207139707014183835784FD84
:10776000D98F1397070141838357C4FED98F2316FE
:10777000F4FE0327C4FDB7370140938707C06300B9
:10778000F7020327C4FDB7070040630AF700032789
:10779000C4FDB7070040938707406313F702835780
:1077A000E4FEF59B2317F4FE0357A4FD8357E4FE84
:1077B000D98FC207C18393E717002317F4FE0DA0EA
:1077C0008357E4FED59B2317F4FE0357A4FD83578C
:1077D000E4FED98FC207C18393E717002317F4FE95
:1077E0008327C4FD0357C4FE239CE7008327C4FD01
:1077F0000357E4FE2390E702010032544561828082
:10780000797122D60018232EA4FCAE873687231D5B
:10781000F4FCB287231CF4FCBA87231BF4FC231668
:1078200004FE231704FE231504FE8327C4FD83D71B
:107830000702C207C183BD9B1397070141838327BA
:10784000C4FD2390E7028327C4FD83D78701231655
:10785000F4FE8327C4FD83D707022317F4FE835762
:10786000A4FD92072315F4FE0357C4FE8567938792
:10787000F7CFF98F2316F4FE835764FDB2071397F1
:10788000070141838357C4FED98F2316F4FE835723
:1078900084FDA2071397070141838357C4FED98F44
:1078A0002316F4FE0327C4FDB7370140938707C0B2
:1078B0006300F7020327C4FDB7070040630AF7001F
:1078C0000327C4FDB7070040938707406314F702FE
:1078D0008357E4FE93F7F7FD2317F4FE0357A4FE46
:1078E0008357E4FED98FC207C18393E707012317AB
:1078F000F4FE15A08357E4FE93F7F7F52317F4FE83
:107900000357A4FD8357E4FED98FC207C18393E7D1
:1079100007012317F4FE8327C4FD0357C4FE239CED
:10792000E7008327C4FD0357E4FE2390E70201002C
:10793000325445618280797122D60018232EA4FC2E
:10794000AE873687231DF4FCB287231CF4FCBA876C
:10795000231BF4FC231604FE231704FE231504FE48
:107960008327C4FD83D70702C207C18393F7F7EFCC
:107970001397070141838327C4FD2390E7028327E0
:10798000C4FD83D7C7012316F4FE8327C4FD83D724
:1079900007022317F4FE8357A4FDA2072315F4FE64
:1079A0008357C4FE93F7C7F02316F4FE835764FD94
:1079B0009207139707014183835784FDD98F13974B
:1079C000070141838357C4FED98F2316F4FE032792
:1079D000C4FDB7370140938707C06300F702032750
:1079E000C4FDB7070040630AF7000327C4FDB707CB
:1079F0000040938707406314F7028357E4FE93F730
:107A0000F7DF2317F4FE0357A4FE8357E4FED98F54
:107A1000C207C18393E707102317F4FE25A003577D
:107A2000E4FEFD779387F75FF98F2317F4FE035782
:107A3000A4FD8357E4FED98FC207C18393E70710E3
:107A40002317F4FE8327C4FD0357C4FE239EE700DB
:107A50008327C4FD0357E4FE2390E702010032545C
:107A600045618280797122D60018232EA4FCAE874E
:107A70003687231DF4FCB287231CF4FCBA87231B32
:107A8000F4FC231604FE231704FE231504FE8327AB
:107A9000C4FD83D70702139707014183FD77FD17C4
:107AA000F98F1397070141838327C4FD2390E702D1
:107AB0008327C4FD83D7C7012316F4FE8327C4FDA3
:107AC00083D707022317F4FE8357A4FDB2072315BB
:107AD000F4FE0357C4FE85679387F7CFF98F23160B
:107AE000F4FE835784FDA207139707014183835750
:107AF000C4FED98F2316F4FE835764FDB207139793
:107B0000070141838357C4FED98F2316F4FE032750
:107B1000C4FDB7370140938707C06300F70203270E
:107B2000C4FDB7070040630AF7000327C4FDB70789
:107B30000040938707406316F7020357E4FEF97786
:107B4000FD17F98F2317F4FE0357A4FE8357E4FEB5
:107B5000D98F1397070141838567D98F2317F4FEC7
:107B60001DA08357E4FE93F7F7DF2317F4FE0357B6
:107B7000A4FD8357E4FED98F1397070141838567DE
:107B8000D98F2317F4FE8327C4FD0357C4FE239E19
:107B9000E7008327C4FD0357E4FE2390E7020100BA
:107BA000325445618280011122CE00102326A4FEAA
:107BB0002324B4FE832784FE95C38327C4FE83D782
:107BC00007001397070141839167D98F1397070126
:107BD00041838327C4FE2390E70015A08327C4FEBA
:107BE00083D70700139707014183F177FD17F98FBA
:107BF0001397070141838327C4FE2390E700010008
:107C0000724405618280011122CE00102326A4FE59
:107C10002324B4FE832784FE95C38327C4FE83D721
:107C20000700139707014183E177D98F1397070165
:107C300041838327C4FE2390E70015A08327C4FE59
:107C400083D70700139707014183A167FD17F98FB9
:107C50001397070141838327C4FE2390E7000100A7
:107C6000724405618280797122D60018232EA4FC0B
:107C7000AE873287232AD4FC231DF4FCBA87231C49
:107C8000F4FC232604FE8327C4FD83D70705C2071F
:107C9000C1832326F4FE0327C4FEC1679387E7FC54
:107CA000F98F2326F4FE0357A4FD835784FDD98F53
:107CB000C207C1833E878327C4FED98F2326F4FEE3
:107CC000832744FD99C78327C4FE93E71700232623
:107CD000F4FE8327C4FE1397070141838327C4FD65
:107CE0002398E7040100325445618280797122D6DD
:107CF0000018232EA4FCAE873287232AD4FC231D30
:107D0000F4FCBA87231CF4FC232604FE8327C4FD5D
:107D100083D70705C207C1832326F4FE0327C4FEC9
:107D2000C1679387D7F3F98F2326F4FE0357A4FD89
:107D3000835784FDD98FC207C1833E878327C4FE42
:107D4000D98F2326F4FE832744FD99C78327C4FED9
:107D500093E727002326F4FE8327C4FE1397070129
:107D600041838327C4FD2398E70401003254456111
:107D70008280011106CE22CC00102326A4FE032708
:107D8000C4FEB747014093870780631BF700854512
:107D90001165EFC09FDF81451165EFC01FDF8DA822
:107DA0000327C4FEB747004093870740631DF700D1
:107DB000854537050200EFC0BFE181453705020068
:107DC000EFC01FE1B1A00327C4FEB757004093875F
:107DD0000780631DF700854537050400EFC05FDFAE
:107DE000814537050400EFC0BFDE1DA00327C4FE98
:107DF000B7570040938707C0631CF70085453705D8
:107E00000800EFC0FFDC814537050800EFC05FDCEC
:107E10000100F2406244056182805D7186C6A2C4A1
:107E20008008232EA4FA232CB4FA232404FE23264C
:107E300004FE232204FE232004FE232E04FC8327B9
:107E4000C4FB232EF4FC8327C4FB83D70701C2079E
:107E5000C1832324F4FE032784FEB567FD17F98F41
:107E60002324F4FE832784FB83D767003E87832780
:107E700084FED98F2324F4FE832784FE1397070101
:107E800041838327C4FB2398E7008327C4FB83D760
:107E9000C700C207C1832324F4FE032784FEBD6705
:107EA0009387379FF98F2324F4FE832784FB03D71E
:107EB0004700832784FB83D78700D98F1397070157
:107EC0004183832784FB83D7A700D98FC207C1834F
:107ED0003E87832784FED98F2324F4FE832784FEE4
:107EE0001397070141838327C4FB2396E700832769
:107EF000C4FB83D74701C207C1832324F4FE0327B1
:107F000084FEC1679387F7CFF98F2324F4FE83277C
:107F100084FB83D7C7003E87832784FED98F232421
:107F2000F4FE832784FE1397070141838327C4FB54
:107F3000239AE7009307C4FC3E85EFC01FA90327DF
:107F4000C4FDB7470140938707806317F700832775
:107F500084FD2326F4FE29A0832744FD2326F4FE76
:107F60000327C4FEBA878607BA978E073E978327F2
:107F700084FB9C438A07B357F7022322F4FE0327AE
:107F800044FE93074006B357F70292072324F4FEFA
:107F9000832784FE13D7470093074006B307F702F1
:107FA000032744FEB307F7402320F4FE832704FE93
:107FB00092071387270393074006B357F702BD8B39
:107FC000032784FED98F2324F4FE832784FE13978E
:107FD000070141838327C4FB2394E7000100B640D7
:107FE000264461618280011122CE00102326A4FE66
:107FF0008327C4FE09671307075898C38327C4FE65
:10800000239207008327C4FE239307008327C4FE1F
:10801000239407008327C4FE31472395E700832775
:10802000C4FE2396070001007244056182807971C5
:1080300022D60018232EA4FC232CB4FC232604FEF5
:108040008327C4FD83D70701C207C1832326F4FE1B
:108050000327C4FEBD679387F70FF98F2326F4FE2D
:10806000832784FD03D70700832784FD83D7270058
:10807000D98F139707014183832784FD83D7470056
:10808000D98F139707014183832784FD83D7670026
:10809000D98FC207C1833E878327C4FED98F232689
:1080A000F4FE8327C4FE1397070141838327C4FD91
:1080B0002398E7000100325445618280011122CEED
:1080C00000102326A4FE8327C4FE239007008327E5
:1080D000C4FE239107008327C4FE23920700832751
:1080E000C4FE2393070001007244056182800111E0
:1080F00022CE00102326A4FE2324B4FE832784FE70
:1081000095C38327C4FE83D7C70013970701418314
:108110008967D98F1397070141838327C4FE23966C
:10812000E70015A08327C4FE83D7C7001397070174
:108130004183F977FD17F98F13970701418383274F
:10814000C4FE2396E70001007244056182807971C4
:1081500022D60018232EA4FCAE87232AC4FC231D9C
:10816000F4FC232404FE232204FE232004FE232601
:1081700004FE8327C4FD2326F4FE8357A4FD93F752
:10818000F70F958393F7F70F2324F4FE8357A4FD8D
:10819000FD8B2322F4FE832744FE0547B317F70027
:1081A0002320F4FE032784FE85476318F700832706
:1081B000C4FEB1072326F4FE0DA0032784FE8947E1
:1081C0006318F7008327C4FEC1072326F4FE31A0FD
:1081D0008327C4FED1072326F4FE832744FD99CBD1
:1081E0008327C4FE94438327C4FE032704FE558FD0
:1081F00098C321A88327C4FE9443832704FE13C792
:10820000F7FF8327C4FE758F98C301003254456180
:108210008280011122CE00102326A4FEAE872322E5
:10822000C4FE2315F4FE832744FE9DC38327C4FEAA
:1082300083D747011397070141838357A4FED98F42
:108240001397070141838327C4FE239AE70035A0D3
:108250008327C4FE83D747011397070141838357C0
:10826000A4FE93C7F7FFC207C183F98F13970701D5
:1082700041838327C4FE239AE7000100724405610D
:108280008280011122CE00102326A4FEAE87A30512
:10829000F4FE8327C4FE83D70701C207C183C19BB5
:1082A0001397070141838327C4FE2398E7008327A0
:1082B000C4FE83D707011397070141838347B4FEA8
:1082C000C207C183D98F1397070141838327C4FE57
:1082D0002398E7000100724405618280011122CEDB
:1082E00000102326A4FEAE872315F4FE8327C4FEC8
:1082F00083D7C700139707014183FD779387F77FE3
:10830000F98F1397070141838327C4FE2396E70063
:108310008327C4FE83D7C700139707014183835780
:10832000A4FED98F1397070141838327C4FE2396A8
:10833000E7000100724405618280011122CE001025
:108340002326A4FE2324B4FE832784FE8DC3832723
:10835000C4FE83D7C700C207C18393E727001397E2
:10836000070141838327C4FE2396E70039A88327AA
:10837000C4FE83D7C700C207C183F59B13970701CB
:1083800041838327C4FE2396E70001007244056100
:108390008280011122CE00102326A4FEAE87231571
:1083A000F4FE8327C4FE83D70701C207C18393F776
:1083B000F7FD1397070141838327C4FE2398E70045
:1083C0008327C4FE83D7070113970701418383578F
:1083D000A4FED98F1397070141838327C4FE2398F6
:1083E000E7000100724405618280011122CE001075
:1083F0002326A4FE2324B4FE832784FE95C383276B
:10840000C4FE83D707011397070141839167D98F72
:108410001397070141838327C4FE2398E70015A023
:108420008327C4FE83D70701139707014183F177A0
:10843000FD17F98F1397070141838327C4FE239803
:10844000E7000100724405618280011122CE001014
:108450002326A4FEAE872315F4FE8357A4FE93F7CC
:10846000F71F1397070141838327C4FE2392E70078
:108470000100724405618280011122CE0010232682
:10848000A4FE8327C4FE83D74700C207C18393F7A6
:10849000F71FC207C1833E857244056182800111C6
:1084A00022CE00102326A4FE8327C4FE83D7C70054
:1084B000C207C18393E717001397070141838327FE
:1084C000C4FE2396E7000100724405618280011119
:1084D00022CE00102326A4FEAE87A305F4FE832738
:1084E000C4FE83D78701C207C18393F7F70F1397A1
:1084F000070141838327C4FE239CE7008327C4FE32
:1085000083D787011397070141838347B4FEC207CE
:10851000C183A207C207C183D98F13970701418383
:108520008327C4FE239CE70001007244056182801A
:10853000011122CE00102326A4FEAE87A305F4FE6F
:108540008327C4FE83D78701C207C18393F707F04F
:108550001397070141838327C4FE239CE7008327E9
:10856000C4FE83D787011397070141838347B4FE75
:10857000C207C183D98F1397070141838327C4FEA4
:10858000239CE7000100724405618280011122CE24
:1085900000102326A4FE2324B4FE832784FE8DC36B
:1085A0008327C4FE83D74701C207C18393E707022D
:1085B0001397070141838327C4FE239AE70005A090
:1085C0008327C4FE83D74701C207C18393F7F7FD12
:1085D0001397070141838327C4FE239AE700010014
:1085E000724405618280011122CE00102326A4FE70
:1085F0002324B4FE832784FE8DC38327C4FE83D740
:108600004701C207C18393E707011397070141831D
:108610008327C4FE239AE70039A88327C4FE83D7A3
:108620004701C207C183BD9B13970701418383277D
:10863000C4FE239AE70001007244056182800111A3
:1086400022CE00102326A4FE2324B4FE832784FE1A
:108650008DC38327C4FE83D74701C207C18393E735
:1086600087001397070141838327C4FE239AE700FD
:1086700039A88327C4FE83D74701C207C183DD9B86
:108680001397070141838327C4FE239AE700010063
:10869000724405618280011122CE00102326A4FEBF
:1086A000AE872315F4FE8327C4FE83D74701C20794
:1086B000C183ED9B1397070141838327C4FE239A4F
:1086C000E7008327C4FE83D747011397070141833F
:1086D0008357A4FED98F1397070141838327C4FED4
:1086E000239AE7000100724405618280011122CEC5
:1086F00000102326A4FE2324B4FE832784FE8DC30A
:108700008327C4FE83D74701C207C18393E72700AD
:108710001397070141838327C4FE239AE70039A8F2
:108720008327C4FE83D74701C207C183F59B1397F4
:10873000070141838327C4FE239AE70001007244A6
:1087400005618280797122D60018232EA4FCAE87A1
:10875000231DF4FC232604FE8327C4FD83D70700D2
:108760001397070141838357A4FDF98FC207C18383
:1087700089C785472326F4FE19A0232604FE8327F4
:10878000C4FE3E85325445618280011122CE001024
:108790002326A4FEAE872315F4FE8357A4FE93C7B9
:1087A000F7FF1397070141838327C4FE2390E70057
:1087B0000100724405618280797122D60018232E4F
:1087C000A4FCAE87231DF4FC232204FE232604FE12
:1087D000232004FE232404FE8357A4FD93F7F70F00
:1087E000958393F7F70F2320F4FE8357A4FDFD8BA9
:1087F0002326F4FE8327C4FE0547B317F70023267C
:10880000F4FE032704FE8547631FF7008327C4FD9A
:1088100083D7C700C207C1833E878327C4FEF98F71
:108820002326F4FE3DA8032704FE8947631FF700B3
:108830008327C4FD83D70701C207C1833E878327EF
:10884000C4FEF98F2326F4FE29A88327C4FD83D70D
:108850004701C207C1833E878327C4FEF98F2326C1
:10886000F4FE8357A4FDA183C207C1832322F4FE33
:10887000832744FE0547B317F7002322F4FE83271E
:10888000C4FD83D70700C207C1833E87832744FE08
:10889000F98F2322F4FE8327C4FE81CB832744FE75
:1088A00089C785472324F4FE19A0232404FE8327C7
:1088B00084FE3E85325445618280797122D600184B
:1088C000232EA4FCAE87231DF4FC231704FE2316DD
:1088D00004FE8357A4FDA1832317F4FE8357E4FE0F
:1088E0000547B317F7002316F4FE8357C4FE93C75A
:1088F000F7FF1397070141838327C4FD2390E70007
:108900000100325445618280411106C622C400082C
:108910008545856713850780EFC08FAB81458567E7
:1089200013850780EFC0CFAA0100B2402244410165
:108930008280797122D60018232EA4FC232604FEFF
:10894000B7370040938707C0DC4393F7F7E7232648
:10895000F4FE0327C4FE8327C4FDD98F2326F4FE2B
:10896000B7370040938707C00327C4FED8C3010070
:10897000325445618280797122D60018AA87A30FEC
:10898000F4FC232604FEB7370040938707C0DC437E
:1089900093F707F82326F4FE8347F4FD13F7F70750
:1089A0008327C4FED98F2326F4FEB7370040938770
:1089B00007C00327C4FED8C301003254456182803A
:1089C000411122C60008B7370040938707C0D8433B
:1089D000B7370040938707C013670720D8C301004B
:1089E000324441018280011122CE0010AA87A307E0
:1089F000F4FE0347F4FEB7370040938707C01377B0
:108A0000F70798C30100724405618280011122CEEC
:108A10000010AA87A307F4FE8347F4FE93E707F844
:108A200013F7F70FB7370040938707C098C30100CB
:108A3000724405618280411122C60008B7370040A8
:108A4000938707C09C473E85324441018280411193
:108A500022C60008B7370040938707C023A4070049
:108A60000100324441018280797106D622D4001877
:108A7000232CA4FC232EB4FC232604FEA5A8B16756
:108A800003A6070983A64709032584FD8325C4FDA2
:108A9000EF20A05DAA8763C90702B16703A6070993
:108AA00083A64709032584FD8325C4FDEF10107AB2
:108AB000AA872E88232CF4FC232E04FD8327C4FED2
:108AC00095072326F4FE3DA0B16703A6870983A678
:108AD000C709032584FD8325C4FDEF103077AA87DD
:108AE0002E88232CF4FC232E04FD8327C4FE850747
:108AF0002326F4FEB16703A6870983A6C7090325C9
:108B000084FD8325C4FDEF204056AA87E3D907F6EC
:108B1000A5A8B16703A6070A83A6470A032584FD13
:108B20008325C4FDEF20405FAA8763D90702B167A0
:108B300003A6070983A64709032584FD8325C4FDF1
:108B4000EF20E068AA872E88232CF4FC232E04FD56
:108B50008327C4FEED172326F4FE3DA0B16703A6CC
:108B6000870983A6C709032584FD8325C4FDEF205B
:108B70000066AA872E88232CF4FC232E04FD83276D
:108B8000C4FEFD172326F4FEB16703A6870A83A659
:108B9000C70A032584FD8325C4FDEF20E057AA877B
:108BA000E3C907F68327C4FE3E85B25022544561CF
:108BB0008280797106D622D40018232EA4FCB167D6
:108BC00003A8C70A83A7870A2324F4FE232604FFE9
:108BD0009DA00327C4FD914763D9E702B16703A6AF
:108BE000070983A64709032584FE8325C4FEEF20D9
:108BF000005EAA872E882324F4FE232604FF832701
:108C0000C4FDED17232EF4FC3DA0B16703A6870930
:108C100083A6C709032584FE8325C4FEEF20205BBD
:108C2000AA872E882324F4FE232604FF8327C4FD6D
:108C3000FD17232EF4FC8327C4FDE34CF0F89DA020
:108C40000327C4FDF1576359F702B16703A607096B
:108C500083A64709032584FE8325C4FEEF10105F19
:108C6000AA872E882324F4FE232604FF8327C4FD2D
:108C70009507232EF4FC3DA0B16703A6870983A6C0
:108C8000C709032584FE8325C4FEEF10305CAA8744
:108C90002E882324F4FE232604FF8327C4FD8507A2
:108CA000232EF4FC8327C4FDE3CC07F8832784FE3E
:108CB0000328C4FE3E85C285B2502254456182809D
:108CC0001D7186CEA2CCA6CACAC8CEC68010232EDD
:108CD000A4FA2328B4FA232AC4FA232CD4FABA8794
:108CE000A307F4FA232E04FC232C04FCA30B04FC9E
:108CF000232804FC032604FB832644FB032504FBF2
:108D0000832544FBEF30C00BAA8799C7B1679387CF
:108D100007FB2328F4FC61A6832784FB63D50700A7
:108D20009947232CF4FA01468146032504FB832549
:108D300044FBEF20603EAA8763D20702832704FB2F
:108D40002328F4FA032744FBB7070080B98F232AAE
:108D5000F4FA9307D002A30BF4FC29A09307B00206
:108D6000A30BF4FC032904FB032744FBB707008093
:108D700093C7F7FFB379F7008544B16703A6070BE4
:108D800083A6470B4A85CE85EF308003AA8791EFF3
:108D9000B16703A6070B83A6470B4A85CE85EF2054
:108DA000A037AA876353F000814493F7F40F93C769
:108DB000170093F7F70F99C7B167938747FB2328ED
:108DC000F4FC89A20347F4FA93076006631AF706D6
:108DD000832784FBB307F0403E85E13BB16703A6E0
:108DE000870B83A6C70BEF107046AA872E883E8696
:108DF000C286032504FB832544FBEF102052AA877B
:108E00002E882328F4FA232A04FB032504FB832558
:108E100044FB9939232CA4FC832784FD63D40700E9
:108E2000232C04FC032784FD832784FB3E97F14712
:108E300063DAE70CB167938787FB2328F4FCD9A09A
:108E400001468146032504FB832544FBEF20401B9C
:108E5000AA87CDCB032504FB832544FB31312A8728
:108E6000832784FBB307F7403E85A133B16703A690
:108E7000870B83A6C70BEF10703DAA872E883E860E
:108E8000C286032504FB832544FBEF102049AA87F3
:108E90002E882328F4FA232A04FB032504FB8325C8
:108EA00044FBD936232EA4FC0327C4FD93073006C8
:108EB00063C7E700032784FBE54763D8E700B16792
:108EC000938787FB2328F4FC35A80327C4FD930769
:108ED000D0F96356F7009307D0F9232EF4FC03254D
:108EE000C4FDC139AA872E883E86C286032504FBAD
:108EF000832544FBEF109035AA872E882328F4FAA7
:108F0000232A04FB832704FD639B0718034774FD92
:108F10009307D002631CF7008327C4FB1387170055
:108F2000232EE4FA034774FD2380E700032584FD24
:108F300049312324A4FC2326B4FC032684FC832685
:108F4000C4FC032504FB832544FBEF103030AA87C3
:108F50002E883E85C285EF20706AAA872322F4FC02
:108F6000032544FCEF201070AA872E88032684FC7A
:108F70008326C4FC3E85C285EF206025AA872E8803
:108F80003E86C286032504FB832544FBEF20A06FA9
:108F9000AA872E882328F4FA232A04FB032784FDBA
:108FA000FD57631CF7008327C4FB13871700232E8C
:108FB000E4FA1307E0022380E700832744FC13F759
:108FC000F70F8327C4FB93861700232ED4FA1307C9
:108FD00007031377F70F2380E700832784FDFD172E
:108FE000232CF4FC832784FBB307F040032784FD84
:108FF000E35EF7F20347F4FA930760066301F70AAA
:109000008327C4FB13871700232EE4FA0347F4FADF
:109010002380E7008327C4FD63D307028327C4FDB1
:10902000B307F040232EF4FC8327C4FB13871700FB
:10903000232EE4FA1307D0022380E70019A8832720
:10904000C4FB13871700232EE4FA1307B002238012
:10905000E7000327C4FDA947B347F70213F7F70F4B
:109060008327C4FB93861700232ED4FA1307070324
:109070001377F70F2380E7000327C4FDA947B367E1
:10908000F70213F7F70F8327C4FB93861700232EED
:10909000D4FA130707031377F70F2380E70083271A
:1090A00004FDB9C3834774FD99CB8327C4FB1387A1
:1090B0001700232EE4FA034774FD2380E7000327FB
:1090C00004FD930717002328F4FC8327C4FB938631
:1090D0001700232ED4FA034707002380E7008327D5
:1090E00004FD83C70700E1FF8327C4FB238007003B
:1090F0000100F6406644D6444649B649256182805F
:10910000011106CE22CC00102326A4FE83A74182A3
:109110008325C4FE3E8531200100F2406244056192
:109120008280011106CE22CC00102326A4FE232427
:10913000B4FE032784FEA9476316F700B54503254F
:10914000C4FEC5378327C4FE99C78327C4FE032501
:1091500084FE829705A083A7018289CF83A701821D
:109160009386170023A0D182032784FE1377F70F7D
:109170002380E7000100F240624405618280011112
:1091800006CE22CC00102326A4FE83A7418283258D
:10919000C4FE3E8531200100F240624405618280B8
:1091A000011106CE22CC00102326A4FE2324B4FEF7
:1091B00029A8832784FE138717002324E4FE83C78E
:1091C0000700BE850325C4FEA93F832784FE83C70D
:1091D0000700E5F30100F2406244056182803571C9
:1091E00006CF22CD4ACB4EC952C756C55AC35EC11F
:1091F000E2DEE6DC00112326A4F62324B4F62322C3
:10920000C4F6832784F6138717002324E4F683C764
:109210000700A309F4FA834734FB63850766034715
:1092200034FB930750026309F700834734FBBE8584
:109230000325C4F6FD35B1A5232004FC832704FCD7
:10924000232EF4FA93070002A305F4FAFD57232A0C
:10925000F4FA832784F6138717002324E4F683C7E0
:109260000700A309F4FA034734FB930700036311D3
:10927000F70293070003A305F4FA832784F6138704
:1092800017002324E4F683C70700A309F4FA25A0F6
:10929000034734FB9307D002631FF7008947232E4F
:1092A000F4FA832784F6138717002324E4F683C790
:1092B0000700A309F4FA034734FB9307A002631FD6
:1092C000F706832744F6138747002322E4F69C43DE
:1092D000232CF4FA832784FB63DB0700832784FBBA
:1092E000B307F040232CF4FA8947232EF4FA83279E
:1092F00084FB2320F4FC832784F6138717002324A0
:10930000E4F683C70700A309F4FAA9A0032704FC25
:10931000BA878A07BA9786073E87834734FBBA978E
:10932000938707FD2320F4FC832784F61387170017
:109330002324E4F683C70700A309F4FA034734FBA8
:109340009307F00263F8E700034734FB93079003A9
:10935000E3FEE7FA034734FB9307E002631DF708D7
:10936000832784F6138717002324E4F683C70700B6
:10937000A309F4FA034734FB9307A0026316F7022C
:10938000832744F6138747002322E4F69C43232ACD
:10939000F4FA832784F6138717002324E4F683C79F
:1093A0000700A309F4FA81A8232A04FA0DA80327C9
:1093B00044FBBA878A07BA9786073E87834734FB00
:1093C000BA97938707FD232AF4FA832784F6138735
:1093D00017002324E4F683C70700A309F4FA034720
:1093E00034FB9307F00263F8E700034734FB93076D
:1093F0009003E3FEE7FA034734FB9307C0066318C4
:10940000F7048327C4FB93E74700232EF4FA83274E
:1094100084F6138717002324E4F683C70700A30903
:10942000F4FA034734FB9307C0066312F70283275D
:10943000C4FB93E78700232EF4FA832784F613876F
:1094400017002324E4F683C70700A309F4FA83472F
:1094500034FB638B0742834734FB9387B7FB1307C7
:1094600030036365F71C13972700B167938707FCE8
:10947000BA979C43828789472326F4FC7DAAA1479B
:109480002326F4FC5DAAA9472326F4FC7DA2C1474C
:109490002326F4FC5DA2832744F61387470023228A
:1094A000E4F69C4393F7F70FBE850325C4F6953980
:1094B000C9AE832744F6138747002322E4F69C4372
:1094C0002326F4FA8327C4FA91E7B1679387C7FB91
:1094D0002326F4FA0325C4FAEF2030272322A4FC24
:1094E000832744FB63C80702832744FB032744FC0C
:1094F00063F2E702832744FB2322F4FC21A883477D
:10950000B4FABE850325C4F62939832744FC8507B0
:109510002322F4FC8327C4FB898B85E7032744FCC3
:10952000832704FCE36DF7FC29A88327C4FA13877B
:1095300017002326E4FA83C70700BE850325C4F677
:10954000CD368327C4FA83C7070091CF832744FB16
:109550001387F7FF232AE4FAE9FB31A09305000201
:109560000325C4F67D3E832744FC1387170023227E
:10957000E4FC032704FCE3E3E7FE21A6930784F75A
:109580002326F4FA832744F69D07E19B138787007F
:109590002322E4F603A847009C43034734FB8326B9
:1095A00044FBBE8542860325C4FAEFF06FF1032524
:1095B000C4FAEF2090192322A4FC21A88347B4FA0F
:1095C000BE850325C4F6B13E832744FC85072322CC
:1095D000F4FC8327C4FB898B85E7032744FC83279E
:1095E00004FCE36DF7FC29A88327C4FA138717004E
:1095F0002326E4FA83C70700BE850325C4F6153683
:109600008327C4FA83C70700E5F331A0930500025E
:109610000325C4F63936832744FC13871700232219
:10962000E4FC032704FCE3E3E7FEA1AC834734FB3F
:10963000BE850325C4F6F534A9A48327C4FBA18BFA
:109640008DC3832744F69D07E19B13878700232260
:10965000E4F603A847009C432320F4FA232204FBEA
:1096600051A08327C4FB918BA1C3034734FB93070D
:109670004006631DF700832744F613874700232223
:10968000E4F69C433E89FD87BE8911A8832744F6F2
:10969000138747002322E4F69C433E898149232017
:1096A00024FB232234FB3DA8034734FB93074006E9
:1096B000631DF700832744F6138747002322E4F64F
:1096C0009C433E8AFD87BE8A11A8832744F61387F0
:1096D00047002322E4F69C433E8A814A232044FB30
:1096E000232254FB034734FB930740066310F7041F
:1096F000832744FA63DC070281460147832504FA85
:10970000032644FAB387B6403E8533B5A600330836
:10971000C7403307A8403A882320F4FA232204FBE9
:109720008327C4FB93E71700232EF4FA232404FCB9
:10973000832704FA032844FA232CF4F8232E04F98F
:109740008327C4FC3E8B814B832784F90328C4F90B
:109750005A86DE863E85C285EF007003AA872E8872
:109760002309F4FA8327C4FC3E8C814C6286E6868A
:10977000032584F98325C4F9BD29AA872E88232CC3
:10978000F4F8232E04F9034724FBA54763F1E7020D
:10979000034734FB930780076315F70093077002B4
:1097A00011A09D47034724FBBA972309F4FA8327A6
:1097B00084FC138717002324E4FC034724FB1307CE
:1097C00007031377F70F930604FDB6972384E7FA90
:1097D000832784F90327C4F9D98F91C7032784FC11
:1097E000FD47E3FFE7F48327C4FB858B91CF8327F5
:1097F00084FC138717002324E4FC130704FDBA97A5
:109800001307D0022384E7FA832784FC2322F4FC85
:1098100021A88347B4FABE850325C4F619328327ED
:1098200044FC85072322F4FC8327C4FB898B99E73A
:10983000032744FC832704FCE36DF7FC832784FCA7
:10984000FD172324F4FC832784FC130704FDBA9737
:1098500083C787FABE850325C4F6E130832784FCDD
:10986000F1FF31A0930500020325C4F65D3883277C
:1098700044FC138717002322E4FC032704FCE3E3E2
:10988000E7FE41B2010011A001000100FA406A4464
:109890005A49CA493A4AAA4A1A4B8A4B765CE65C4C
:1098A0000D6182805D7106D622D40018232EA4FC9F
:1098B0004CC010C454C418C85CC8232C0401232E07
:1098C00014019307040291172326F4FE83A7418213
:1098D0000327C4FE3A868325C4FD3E850932010074
:1098E000B2502254616182805D7106D622D4001884
:1098F000232EA4FC232CB4FC10C454C418C85CC888
:10990000232C0401232E140193070402A1172326FC
:10991000F4FE8327C4FE3E86832584FD0325C4FD13
:109920007D380100B2502254616182805D7106D69B
:1099300022D40018232EA4FC232CB4FC10C454C43D
:1099400018C85CC8232C0401232E14010327C4FD6E
:1099500023A0E18293070402A1172326F4FE8327A4
:10996000C4FE3E86832584FD0145953883A7018288
:109970002380070023A001820100B25022546161BC
:109980008280011106CE22CC0010AA87A307F4FE24
:10999000010093050008B747004013850740EFE03A
:1099A0007FDAAA87FDD78347F4FEC207C183BE854D
:1099B000B747004013850740EFE03FA9010093053A
:1099C0000004B747004013850740EFE0BFD7AA87E0
:1099D000FDD70100F240624405618280797106D6AC
:1099E00022D40018854537050200EFB04F91854518
:1099F0001145EFB06F8C91472322F4FE8547232455
:109A0000F4FEE1472326F4FE930744FEBE85B71714
:109A1000014013850780EF809FA7F1679387072098
:109A2000232AF4FC231C04FC231D04FC231E04FC39
:109A3000231004FEA147231FF4FC930744FDBE85B9
:109A4000B747004013850740EFE02FBD8545B74776
:109A5000004013850740EFE08FE937A700001307A8
:109A6000279823A2E1820100B250225445618280EE
:109A7000011122CE00102326A4FE8327C4FE1387E3
:109A8000F7FF2326E4FEB337F00093F7F70F99C3EF
:109A90000100E5B70100724405618280011106CE24
:109AA00022CC0010232204FE232404FE232604FEDD
:109AB00085452145EFB04F8085672322F4FEC147DD
:109AC0002326F4FE85472324F4FE930744FEBE8537
:109AD000B7170140138507C0EF807F9B0137B1673F
:109AE0001385070CC133B7170140938707C0D447CC
:109AF000B7170140938707C00567358FD8C7B1678F
:109B00001385870E4533B72709001385077C8D37EA
:109B1000D9BF01A001A001A001A001A001A001A046
:109B200001A001A001A001A001A001A001A001A02D
:109B300001A001A001A001A001A001A001A001A01D
:109B400001A001A001A001A001A001A001A001A00D
:109B500001A001A001A001A001A001A001A001A0FD
:109B600001A001A001A001A001A001A09771FF1F09
:109B7000938141CB17A1FF1F1301C1481725000096
:109B8000130585739765FF1F9385C54713868181EC
:109B900063FAC5008322050023A055001105910535
:109BA000E3EAC5FE13858181938581826377B500E1
:109BB000232005001105E36DB5FEFD42739002BC44
:109BC000894273904280B722000093820280739092
:109BD00002309762FFFF9382224393E23200739038
:109BE0005230EF60AFF097020000938262EB739007
:109BF000123473002030B687B2882A832E88639D82
:109C0000061463F9C50A4167636EE61AB7070001D7
:109C10006363F63493568601E14717270000130764
:109C2000E755369703470700BA97130700021D8FC1
:109C300019CB3398E500B357F500B318E60033E8C5
:109C400007013313E50013D608013355C802939674
:109C50000801C182935703013377C802B385A60276
:109C600042073368F700637AB80046989307F5FF18
:109C7000636418016367B8303E853308B8403357D2
:109C8000C8024203135303013378C802B386E602C5
:109C9000420833686800637BD80046989307F7FF53
:109CA0006365180179176363D8003E874205598DB3
:109CB0008145828001E60547B358C702416763EAE0
:109CC000E80EB707000163ECF82893D68801E14756
:109CD000172700001307874A369783460700BE966A
:109CE00093070002958FE5EB939E0801338715419A
:109CF00013DF080193DE0E018545935703013355A9
:109D0000E7033377E703B306D5034207D98F63FA36
:109D1000D700C6971307F5FF63E4170163E6D7265C
:109D20003A85958F33D7E703420313530301B3F703
:109D3000E703B30ED703C207B3E7670063FBD7019E
:109D4000C6979306F7FF63E51701791763E3D70119
:109D500036874205598D828063E2D504C16763E28C
:109D6000F604B707000163E4F61E13D786016148C5
:109D70009727000093878740BA9703C70700130E01
:109D800000024297330EEE40631A0E0C63EDB61CD0
:109D90003335C50013451500814582808145014555
:109DA00082809307F00F63F3D71C13D786002148F6
:109DB000C1B71307F00FC686E37C17F193D688006E
:109DC000A14739B71307F00FB286E378C7E493567B
:109DD0008600A14799B5B398F80033D6D50013DFB4
:109DE0000801335EE6033397F500B356D500558F6F
:109DF000939E080193DE0E013313F500935507017E
:109E0000B376E603B387CE03C206CD8E63FBF600BE
:109E1000C6961306FEFF63E4161763F2F616791E64
:109E2000C6969D8E33D6E60393170701C183B3F61A
:109E3000E6033385CE02139706015D8F637BA7008F
:109E400046979307F6FF636817136376A712791690
:109E5000469793150E01098FD18D45B5B357E6008E
:109E6000B396C601DD8E33D3E50013DF0601B35789
:109E7000E303939E060193DE0E013398C501335729
:109E8000E50033680701935808013316C6013373A0
:109E9000E303B385FE024203B368130163FBB8001A
:109EA000B6981387F7FF63EAD80C63F8B80CF91774
:109EB000B698B388B84033D7E8034208135808016E
:109EC000B3F8E8033383EE02C208B3E5080163FB8D
:109ED0006500B6951308F7FF63EDD50863FB6508C9
:109EE0007917B695C207416FD98F1307FFFFB3F6F5
:109EF000E70093D80701718F4182B38EE602B385E4
:109F00006540B386C60213D80E013387E802BA96BD
:109F1000C2963386C80263F3E6007A9693D80601A8
:109F2000469663E2C5026385C5003E858145828011
:109F300041677D17F98EC206B3FEEE003315C501E9
:109F4000F696E374D5FE1385F7FF8145828013D71B
:109F50000601414831BD93560601C1477DB993D6EC
:109F60000801C147B5B38145054582803687014860
:109F700001B5428785BF3E86E9BDBA871DBF328ED7
:109F80004DB579154698D5B97915C69759BBB68799
:109F900032882A832E872E8E6393061463F1C50AB6
:109FA00041676378E61A1307F00FB2866375C7003E
:109FB00093568600A147172700001307271C3697E2
:109FC0000347070093080002BA97B388F840638CF0
:109FD0000800B3951501B357F5003318160133EE99
:109FE000B7003313150113560801B357CE021315EA
:109FF0000801418193560301337ECE02B307F50277
:10A00000420E3367DE006378F7004297636507010D
:10A010006373F70042971D8FB356C702931703016E
:10A02000C1833377C7023305D5024207D98F63EC6A
:10A03000A7083385A740335515018145828001E685
:10A0400005473358C7024167636CE80EB707000144
:10A050006365F82A93568801E14717270000130724
:10A06000E71136970347070093080002BA97B388B1
:10A07000F840639A081E131E0801B3850541135664
:10A080000801135E0E0113570301B3D6C502B3F5E1
:10A09000C502B386C603C2054D8F6377D7004297CA
:10A0A00063640701636AD726158F3355C7024203DD
:10A0B000135303013377C7023305C5034207B36760
:10A0C000670063F8A700C29763E5070163F3A70081
:10A0D000C2973385A74033551501814582802A8870
:10A0E000E3EED5F4C16763E5F604B707000163E268
:10A0F000F62013D38601E1489727000093870708CD
:10A100009A9703CE070013030002469E3303C34110
:10A110006319030463E4B6006369C5003308C540EE
:10A12000958D333705013387E5404285BA858280B6
:10A130009307F00F63FBD71C13D38600A1486DBFB4
:10A140001307F00FC286E37A07F193568800A14700
:10A1500029B7B70700016366F61A93568601E147EF
:10A1600099BDB357C601B3966600DD8EB3D8C5015D
:10A1700013D70601B3DEE802139F0601B357C501EA
:10A18000135F0F01B3956500DD8D13D805013316FC
:10A19000660033156500B3F8E802B307DF03C208B1
:10A1A00033E80801637BF80036989388FEFF636309
:10A1B000D8166371F816F91E36983308F840B3576D
:10A1C000E802C205C1813378E802330FFF0213179A
:10A1D00008014D8F637BE70136979385F7FF63692D
:10A1E000D7126377E713F9173697C20EC162B3EE41
:10A1F000FE001388F2FFB3F80E019355060193DEBB
:10A200000E0133780601B38F08033307E741338823
:10A210000E0393D70F01B388B802C298C697B38EC6
:10A22000BE0263F30701969E41687D1893D507012E
:10A23000B3F70701C207B3FF0F01F695FE976362FC
:10A24000B70A630EB708B307F5403335F500B30519
:10A25000B740898D339EC50133D567003365AE00A5
:10A26000B3D5650082803318180133D7F500135633
:10A270000801B356C702131E0801B357F500135E59
:10A280000E01B3951501DD8D93DE05013313150124
:10A290003377C702B307DE0293160701B3E6D60190
:10A2A00063F8F600C29663E5060163F3F600C29612
:10A2B0009D8E33D7C60293970501C183B3F6C602BC
:10A2C0003307EE0293950601DD8D63F8E500C29534
:10A2D00063E5050163F3E500C295998D6DB3E37401
:10A2E000F5F63386C740B3B7C700B6979D8DB287E2
:10A2F00099BF13D30601C14801B593560801C14760
:10A30000A9BB93560601C1477DB136838148EDB3A1
:10A31000AE87E1BDC68E55B5429779B337081000B8
:10A3200001117D183377B80026CA3378D80093D44A
:10A33000450113D34601131E37004EC61357D501EE
:10A340000E089357D60193F4F47F1373F37F06CE70
:10A3500022CC4AC893D9F50193DEF6013367C701D1
:10A36000131F350033E80701931F3600338E644016
:10A370006380D9196356C0136304031CB7068000B9
:10A380009307F07F3368D800638FF4369307800318
:10A3900063C0C735FD4763CDC747130500023305CA
:10A3A000C541B3D7CF01B316A8003399AF00DD8EF6
:10A3B00033392001B357C80133E926011D8F330912
:10A3C0002F41B3372F013306F7409317860063D42C
:10A3D0000724370780007D173374E600630C042CD4
:10A3E0002285EF10302F130785FF93070002998F06
:10A3F000B357F9003316E400D18F3319E9006341F4
:10A40000972A33059740130615007D47634DC738DB
:10A4100013070002118FB356C9003319E9003397AF
:10A42000E700558F333920013369270133D6C70040
:10A4300081449377790081CF1377F90091476308BE
:10A44000F70013074900333927014A963A899317D1
:10A45000860063D6071C138514009307F07FCE8512
:10A460006304F520B70780FFFD17F18F9398D7019C
:10A4700013593900A607B3E82801B1831375F57F96
:10A480009396C7005205F2406244B182FE05C98E20
:10A49000CD8ED2444249B2494685B6850561828057
:10A4A000631E0E0A138314001373E37F63170322E2
:10A4B000B367E701B368F801639D041A6387074037
:10A4C000638608443309FF41B307074133362F0140
:10A4D0003386C7409317860063D6074C3389EF4114
:10A4E000B307E84033B62F013386C740F68991B7EA
:10A4F0006350C00F6300030CB70680009307F07F22
:10A500003368D800638AF43A9307800363CBC71398
:10A51000FD4763DFC73513090EFE93070002B356EC
:10A520002801630AFE00130900043309C9413319E5
:10A530002801B3EF2F013339F0013369D90031A27B
:10A54000B367F801638A071C9307FEFF638C073823
:10A550009306F07F6309DE1A3E8E0DBDB30593406E
:10A5600063910422B367E701638707329387F5FF9E
:10A57000638107449306F07F638CD520BE859307E3
:10A58000800363CCB72AFD4763CFB73C9307000233
:10A590008D8F3319F700B356BF00B317FF0033692F
:10A5A000D900B337F0003357B7003369F9003308E7
:10A5B000E84041ACB367F801638007349307FEFFBE
:10A5C000638A07209306F07F6308DE2E3E8E2DBF40
:10A5D000631E0E149386140093F7E67F639107348D
:10A5E000B367E7016395042C6380073EB367F80106
:10A5F000638E07303309FF01B3070701333FE901D9
:10A600003386E7019317860063D70700B70780FFFB
:10A61000FD177D8E854493777900E39F07E09317BC
:10A62000D60193583900B3E8F80093573600130762
:10A63000F07F638DE404B207B18313F5F47FCE8518
:10A6400081B53369F801333920017A99B337E901CB
:10A650003386E70093178600E3DF07FA8504930744
:10A66000F07F6396F418CE851305F07F814781480B
:10A6700001BDC1EB6384083A931636009317D801E5
:10A680008D82B3E8D700F68993573800B3E7F80016
:10A69000F9DB81451305F07FB70708008148CDB38A
:10A6A000370680FF7D167D8E93777900998CE39530
:10A6B00007D8B5B74A85EF10F00113078501FD47AC
:10A6C000E3D5E7D2130685FFB317C900014905BBDF
:10A6D0003369F80133392001DDB13309FF41330615
:10A6E000074133342F01330486409317840063CD30
:10A6F0000724B3688900E39308CE814781498144E8
:10A700001DBFE39808F80E059317D7010D81B3E834
:10A71000A700935737009DBF0E059317D7010D81F2
:10A72000B3E8A700F2849357370011B7330593407D
:10A7300063820412B70680009307F07F558F630D84
:10A74000F32E9307800363CBA720FD4763C3A72A9B
:10A7500093070002898F3319F700B356AF00B31780
:10A76000FF003369D900B337F0003357A7003369CE
:10A77000F9003A987E99B337F901338607019A8434
:10A78000D1BDB70680009307F07F558FE319F3DE44
:10A79000931736008D839318D801B3E81701F68913
:10A7A00093573800E5B5130715FE9306000233D71B
:10A7B000E700630AD600930600043386C64033964A
:10A7C000C7003369C900333920013369E900014604
:10A7D000814491B53309FF01B30707013336E9011D
:10A7E0003E96931786008544E3D707E28944B7076E
:10A7F00080FFFD17F18F1357190013791900336982
:10A8000027019398F70133E9280113D6170015B1F2
:10A8100013090EFE93070002B3562801630AFE00D7
:10A82000130900043309C94133192801B3EF2F017B
:10A830003339F0013369D90059B63369E701333947
:10A84000200133892F41B3B72F013306F8409A8492
:10A85000F689A5BEB367E701638207189307F5FF82
:10A860006384071C9306F07F6304D5123E85D1BD37
:10A8700093070002B387C741B316F8003399FF006E
:10A8800033D6CF01D18E33392001B357C80133E914
:10A8900026013E975DBB931736008D839318D80130
:10A8A000B3E81701AE8493573800F68949B3EDC376
:10A8B0003369F801E31F09DC0E059317D7010D81F9
:10A8C000B368F50093573700D1B36381080E931630
:10A8D00036009317D8018D82B3E8D700F6899357D5
:10A8E000380091BB3309FF41B3070741333F2F01C4
:10A8F0003386E7418544D1BC0E059317D7010D81FE
:10A90000B368F500F2849357370015B30E0593171B
:10A91000D7010D81B3E8A7009357370029BB9307F0
:10A92000F07FE382F6D43309FF013336E901B30740
:10A930000701B2979398F7011359190033E92801D9
:10A9400013D61700B684C1B93389EF413307E84005
:10A9500033B62F013304C740F68949B43369E701A0
:10A960003339200101BD938705FE93060002B357DA
:10A97000F700638AD50093060004B385B640331709
:10A98000B700336FEF003339E0013369F90055BD8B
:10A99000931736008D839318D801B3E817019357A6
:10A9A0003800EDB1B368C900E39708C68147814913
:10A9B00059B13389EF41B307E84033B62F013386ED
:10A9C000C740F689854411B4931636009317D80111
:10A9D0008D82B3E8D70093573800B1B9931636008B
:10A9E0009317D8018D82B3E8D700AA849357380013
:10A9F0003DB9930705FE93060002B357F700630ABB
:10AA0000D500930600043385A6403317A700336FA3
:10AA1000EF003339E0013369F900A9BB8145130523
:10AA2000F07FB7070800A9BC3309FF01B30707018E
:10AA30003336F9013E9675B3931636009317D80155
:10AA40008D82B3E8D7009357380089B1397193D715
:10AA5000450122DC4AD856D22A891394C50006DE65
:10AA600026DA4ED652D45AD05ECE13F5F77F318017
:10AA700093DAF501630B05109307F07F630BF51470
:10AA8000135AD9010E0433648A00370A8000336AEE
:10AA90004401131B3900930415C00144814B13D8A2
:10AAA00046011399C6001378F87FB2881359C9007C
:10AAB00093D9F601630E08089307F07F6300F8044A
:10AAC0001357D6010E0933692701130818C0B707B9
:10AAD00080003367F90093183600B3840441814540
:10AAE000BD4733C83A0163E4871A9717000093877C
:10AAF000E7600A043E9410403E9602863367C90020
:10AB000093841480631207101364240081488945DC
:10AB1000C1BF1306F07F81470147B207F25062546C
:10AB20005206B1837E08D18FB3E70701D254425950
:10AB3000B259225A925A025BF24B3A85BE85216184
:10AB4000828001481306F07FB70708000147F1B77C
:10AB50003367C9004DC7630809304A8532C4EF1016
:10AB600060372246130755FFF547930685FF998FF7
:10AB70003319D900B357F60033E72701B318D600CD
:10AB800026959304353F8145A1BF336A24016303B1
:10AB90000A0636C632C46306042A2285EF108033C3
:10ABA0002246B246AA84130755FF754A138B84FFC9
:10ABB000330AEA4033146401335A4901336A8A0084
:10ABC000331B69011305D0C0B30495400144814B88
:10ABD000F9B5336A240163180A002144014B930438
:10ABE000F07F894B6DBD228A4A8B31449304F07FFC
:10ABF0008D4B75B51144014B8144854B4DB51364A4
:10AC0000140081488545E9BD136434004A878D45A9
:10AC1000C1BD630A052E8547898F9306800363DDD6
:10AC2000F632014681470147CDBDCE868947638D07
:10AC3000F53A8D47E387F5F085473688E383F5FEDF
:10AC40001385F43FE357A0FC93F778006396072839
:10AC500093D638009317770063D80700B70700FF33
:10AC6000FD177D8F138504409307E07FE3C3A7EAB8
:10AC70001316D70193179700B1833367D600137665
:10AC8000F57F61BDD6865287DA88DE8545B7636178
:10AC90004723630DEA20DA86FD145284014B931793
:10ACA000870013D388013363F300935E0301B35726
:10ACB000D403131F0301135F0F0193D50601139EE5
:10ACC00088003374D4033307FF024204C18D63FB51
:10ACD000E5009A951386F7FF63EE652663FCE5268B
:10ACE000F9179A95998D33D7D503C206C182B3F56A
:10ACF000D5033306EF02C205D58D63FBC5009A95D7
:10AD00009306F7FF63E6652463F4C52479179A95E3
:10AD1000C20741645D8F9307F4FF3375F7009358C2
:10AD20000701935F0E01B377FE00B302F502B3860D
:10AD3000C540B383F80293D502013386AF021E9655
:10AD40002E963385F803637376002295C168FD184B
:10AD500093550601337616014206B3F81201AA95FF
:10AD6000469663E6B6126382B6123306CB408D8EEA
:10AD7000333BCB00338B66411385F43F630C631781
:10AD8000B358DB0393550601337BDB03B3061F0384
:10AD9000420B33EB6501637BDB001A9B9385F8FF65
:10ADA000636D6B20637BDB20F9181A9B330BDB4050
:10ADB000B356DB0342064182337BDB03330FDF02F2
:10ADC000420B33666601637BE6011A969385F6FFB4
:10ADD0006367661E6375E61FF9161A96C208B3E824
:10ADE000D8009395080193D20801C181B38EF50272
:10ADF0003306E641B385BF0293D60E01B387F20254
:10AE0000BE95AE96B38F5F0263F4F600C167BE9F36
:10AE1000C165FD1593D70601ED8EC206B3FEBE00D7
:10AE2000BE9FF696637FF6091A969387F8FF6369CB
:10AE3000661A6368F619630FF61BBE8893E818005C
:10AE400011B54A85EF10000913075501F145930428
:10AE500005022246B246E3DAE5D4130485FF331A2D
:10AE60008900014B85B3328532C4EF10A006130769
:10AE70005501F146AA87224613050502E3D6E6CE20
:10AE8000E1173317F6008148E5B9E370CBEE729B0A
:10AE90003335CB011A95AA961305F7FF6378D302D1
:10AEA00063E6B6106382D5102A87C1B5E3651BDF60
:10AEB00093551B009316FA0113541A00CD8E7E0B86
:10AEC000F9BBE31DF6F7E38F06D6B9BFE31ED3FC4B
:10AED000E378CBFD2A8751BD93F7F8009146E389CB
:10AEE000D7D693B7C8FF9386480093C717008D82C3
:10AEF0003E978DB381468547E34CA0FEFD58E31C89
:10AF000005D0930410C085471385E441B316A7000C
:10AF100033D6F8003395A800D18E3335A000C98E02
:10AF200013F676003357F70001CE93F7F60011467B
:10AF30006388C70093874600B3B6D7003697BE86AE
:10AF40009317870063D80704054681470147F1B688
:10AF500036877DBBB28779B3FD46E3D7F6FA05564F
:10AF6000098E930600023356C7006388D700938783
:10AF7000E443B317F700B3E8F800B3361001D18EFD
:10AF800013F67600814701CE93F7F600114601478C
:10AF9000E392C7FA931797001316D701B18313D71B
:10AFA0003600518F014695BEE370CBF0729B33356E
:10AFB000CB011A957917AA964DBBAE88C5BBAE8654
:10AFC00031BD93171E0033BEC70172931A96F9184C
:10AFD0003E8EE315F6E7E307DEC693E818009DB161
:10AFE000BE88E30AF6FF99BD36881306F07F8147D5
:10AFF000014725B6E367DEFCBE88E310DEFE99B1AB
:10B0000013D74501B7071000FD1713D84601137772
:10B01000F77F9308F07F33FEB700AA8EF58FFD818E
:10B02000328F1378F87FFD82630B170105436306A7
:10B03000180163140701630DFE001A858280B3684E
:10B04000AE000543E39B08FEE319E8FED18FF5F758
:10B050000543E394EEFF0143E381D5FE054371FF11
:10B060003365AE003333A000C9BF13D74501B7071E
:10B070001000FD1713D846011377F77F9308F07F70
:10B0800033F3B7002A8EF58FFD81B28E1378F87FE7
:10B09000FD8263081703630018030DEBB368A30078
:10B0A000631408005D8E29CA638508046388D5028D
:10B0B000054595ED8280B3E8C700E38008FE795529
:10B0C00082803365A30065FD630CE8026314080009
:10B0D0005D8E79DEE39ED5FCE34CE8FC6348070116
:10B0E000E3E867FC6303F302637FF30081E57D55CA
:10B0F0008280F5DE054582800145E39B08FA828067
:10B100005D8E69DA6DBF01458280E3E3CEFB0145C8
:10B11000E372DEFBE5F1E1BF13D74501B70710008D
:10B12000FD1713D846011377F77F9308F07F33FE9E
:10B13000B700AA8EF58FFD81328F1378F87FFD82DC
:10B14000630E1703630D180129E3B368AE00631F94
:10B1500008005D8E01EE0143638C080421A8B3E86A
:10B16000C7000943639608046DD305A063840804EF
:10B170006385D50205438DCD7D531DA8B368AE0010
:10B18000094363970802630AE802631408005D8EAE
:10B1900075D2E391D5FEE34FE8FC63490701E3EB89
:10B1A000C7FD630FFE0001436374FE00F1D5054344
:10B1B0001A858280EDFE7D53E5BF5D8E79DACDBFC5
:10B1C000E36ADFFB0143E3F5EEFFF5F175B7397193
:10B1D0004AD813D945014ED652D456D29399C500B8
:10B1E00006DE22DC26DA5AD05ECE1379F97F2A8A6F
:10B1F00093D9C90093DAF501630D090E9307F07F27
:10B200006306F9181354D5018E09B3693401370464
:10B21000800033E4890093143500130919C0814973
:10B22000814B13D74601139AC6001377F77FB28577
:10B23000135ACA0013DBF601630B07109307F07F64
:10B240006303F7049357D6010E0A33EA4701130745
:10B2500017C0B7078000B367FA00931536003A9914
:10B26000814833C76A01BD463A851308190063E86F
:10B27000361717160000130666EC8A09B29983A6E2
:10B280000900B2968286B367CA001309F97F6399F1
:10B29000071293E9290081458948E1B701479307DF
:10B2A000F07F3704080081443204D20731807E07E2
:10B2B0005D8C598CA285F250625426854259D25435
:10B2C000B259225A925A025BF24B216182805A850E
:10B2D0003E84AE84C68B8947638DFB0E8D47E38F1A
:10B2E000FBFA85472A87639EFB38814701448144E6
:10B2F00065BF33E4A90061C036C632C4638C092A35
:10B300004E85EF00303D2246B246AA87130755FF0F
:10B310007544938487FF198CB399990033548A003C
:10B3200033643401B3149A0013D746011309D0C013
:10B33000139AC6001377F77F3309F9408149814B8F
:10B34000B285135ACA0013DBF601E31907EEB3679F
:10B35000CA00B1C7630F0A22528532C4EF0090378A
:10B3600022462A87930655FFF547930587FF958F59
:10B37000331ABA00B357F600B3E74701B315B60066
:10B380003309E9401309D9C08148E1BD33E4A9007C
:10B3900001ECA14981441309F07F894B59B593E928
:10B3A00019008145854875BD4E84AA84B1491309A9
:10B3B000F07F8D4BBDB5914981440149854B95B5D1
:10B3C00093E93900D2878D4869BD89475685E3974F
:10B3D000FBF02A879307F07F01448144F1B5C16EE9
:10B3E0001386FEFF93D6040113DE0501F18CF18D67
:10B3F000338695023383B6029358060133059E02C5
:10B400001A95AA98B382C60363F36800F692C16FD7
:10B410001383FFFF33F5670093D30701B3F7680089
:10B42000C207337366003E933306950293D8080132
:10B43000B387A602135F0601B3849302BE94FA9405
:10B44000B38E760263F3F400FE9E416A9307FAFF1F
:10B45000935F0401B376F400B3F9F4007D8EC180EC
:10B460003384D502C209338FD401B299CE98B30781
:10B47000DE02935E0401B385BF02AE97BE9E330E1B
:10B48000FE0363F3BE00529EC1679385F7FF33F658
:10B49000BE006D8C4206229693DE0E01B305D502E6
:10B4A000769E3385AF0213D40501B386D302AA96E4
:10B4B000A296B38FF30363F3A600BE9F41657D158B
:10B4C000B3F7A600C2076D8DAA97B3855800B3B92C
:10B4D0003501FA97B2953384370133B6C500B30E00
:10B4E000C4013385CE0033343401B3B7E701C18FD3
:10B4F00033BECE0113D406013336C5003E94336605
:10B50000CE009394950032947E94B3E464002604B4
:10B5100093567501B3349000DD8193179500CD8C5F
:10B52000558CDD8C9317740063DB070093D71400F0
:10B5300085889316F401DD8CD58C058042899307AC
:10B54000F93F6359F00893F6740081CE93F6F40046
:10B5500011466388C60093864400B3B496002694CF
:10B56000B6849316740063D80600B70700FFFD1772
:10B570007D8C930709409306E07F63CFF60E93D648
:10B5800034009314D4012604D58C318093F7F77FCF
:10B5900021BB328532C4EF00F01393065501F14709
:10B5A000130705022246E3D1D7DC6115B317A600C5
:10B5B0008145F9B3EF00101213075501F1459307C8
:10B5C00005022246B246E3D5E5D461153314AA003C
:10B5D000814499BB85469D8EB1E71309E941B39734
:10B5E0002401B3D4D40033192401B337F000B36479
:10B5F0009900DD8C93F77400B356D40081CF93F794
:10B60000F40011466388C70093874400B3B49700E1
:10B61000A696BE849397860063D8070485470144A5
:10B62000814459B113068003E341D6CC7D46E356ED
:10B63000D6FA0556B307F640930500023356F400D8
:10B640006387B6001309E943B3172401DD8CB334D3
:10B650009000D18C93F67400014499CA93F7F400DA
:10B6600011468146E392C7FA139496003180F6069C
:10B670008D80D58C81470DB99307F07F01448144BB
:10B6800025B142896DBD370710007D170111337355
:10B69000B70093D84601758F935ED60122CC26CA97
:10B6A0000E0393D445019357D5010E0706CE4AC821
:10B6B0004EC693F8F87F130EF07F33E7EE0093F455
:10B6C000F47F13D4F50133E36700131F3500FD82C7
:10B6D000931E3600638FC81793C61600B3851441B6
:10B6E0006304D4126350B018638A081AB707800045
:10B6F0005D8F638FC4579307800363C2B734FD47E0
:10B7000063C3B748930700028D8FB3D9BE003318C7
:10B71000F700B39EFE00336838013357B700B339E2
:10B72000D001336838013303E340B3090F41B33725
:10B730003F013306F3409317860063D2072437098D
:10B7400080007D1933792601630E092C4A8559271B
:10B75000130785FF93070002998FB3D7F9003316BB
:10B76000E900D18FB399E9006344972A058F130646
:10B770001700FD4663C4C63A13070002118FB3D603
:10B78000C9003398E9003397E700558F333800013B
:10B79000B369070133D6C700814493F7790081CF9D
:10B7A00093F6F90091476388F6009386490033B811
:10B7B00036014296B6899317860063D6071C138715
:10B7C00014009307F07F05886306F720B70780FF12
:10B7D000FD17F18F1398D70193D93900A607336865
:10B7E0003801B1831377F77F9396C7005207B18270
:10B7F0007E04D98EC18EF2406244D2444249B2499D
:10B800004285B685056182806356B00A638A081254
:10B81000B70780005D8F6386C42D9307800363C7DD
:10B82000B718FD4763D1B73C138805FE93070002A4
:10B83000B3590701638AF50093070004B385B74045
:10B840003317B700B3EEEE003338D0013368380158
:10B8500095A2B367D7019385148099E393C6160028
:10B86000630AD404D1E19387140093F7E77F6398C8
:10B87000071EB367E3013368D7016392041663813F
:10B88000073C63150842131835009316D30113586B
:10B89000380033E806019357330019A2B367D70184
:10B8A0006384071A9387F5FF638A073A638BC5237E
:10B8B000BE8591B56398051C9386140093F7E67FC7
:10B8C000C1EFB367E301639F0434638C0744B3673C
:10B8D000D701639307460E051318D3010D81336812
:10B8E000A800935733006DA8B38598406396042051
:10B8F000B367E301638C07309387F5FF63880740E4
:10B900001305F07F6382A520BE859307800363C182
:10B91000B72AFD4763C7B73C930700028D8F3318E2
:10B92000F3003356BF00B317FF003368C800B339C4
:10B93000F0003353B3003368380133076740ADACD0
:10B94000B367D701638207109387F5FF638E071EE5
:10B95000638FC52DBE85D1B59307F07F638BF60647
:10B96000FA9E33B6EE01B307E300B2971398F701DE
:10B9700093DE1E00B369D80113D61700B68493F77F
:10B980007900E39F07E09317D60113D83900336895
:10B99000F800A685935736001307F07F6380E5060D
:10B9A000B207B18313F7F57F05883DBD3367D70133
:10B9B0003338E000B309E801B3B7E9013386670023
:10B9C00093178600E3DD07FA85049307F07F639BF6
:10B9D000F41805881307F07F8147014831B563905B
:10B9E00007106300083C131836009317D70113584B
:10B9F00038003368F800368493573700B367F8008F
:10BA0000E9DB01441307F07FB70708000148E9BBF1
:10BA1000370680FF7D167D8E93F77900998CE39130
:10BA200007D895B74E857D2113078501FD47E3D3E0
:10BA3000E7D2130685FFB397C900814935B3336850
:10BA4000D70133380001D5B1131835009317D3014E
:10BA5000135838003368F8009357330035BFB309E3
:10BA6000DF413309E34033363F013309C9409317BF
:10BA7000890063CA072033E82901E31708CC81470E
:10BA8000014439BFB385984063810414B706800030
:10BA90009307F07F3363D3006381F820930780031B
:10BAA00063CCB722FD4763C9B72C930700028D8F83
:10BAB0003318F300B356BF00B317FF003368D80044
:10BAC000B339F0003353B300336838011A97B30920
:10BAD000D801B3B7D9013386E700C684D5B5E312E0
:10BAE00008F2131835009317D30113583800336840
:10BAF000F8009357330019B7370580009307F07F9C
:10BB00003363A300E393F8E00E061318D7010D8208
:10BB10003368C800935737003684CDB505179306B0
:10BB2000000233D7E700630AD60093060004338689
:10BB3000C6403396C700B3E9C90033383001B36952
:10BB4000E8000146814425BDB309DF01B307E300E6
:10BB500033BFE9013386E701931786008544E3D0BC
:10BB600007E28944B70780FFFD17F18F13D719004B
:10BB700013F81900336807019399F701B3E9090134
:10BB800013D6170019B9138805FE93070002B3599D
:10BB90000701638AF50093070004B385B7403317A4
:10BBA000B700B3EEEE003338D00133683801B5BECC
:10BBB0003363E30133386000B3890E41B3B73E010C
:10BBC0003306F740C6843684BDB6B367E3016387A6
:10BBD00007189387F5FF638C071C9306F07F638E2D
:10BBE000D50ABE8565BD930700028D8FB3D9BE000F
:10BBF0003318F700B39EFE00336838013357B7009F
:10BC0000B339D001336838013A936DB31318360055
:10BC10009317D7011358380033E807013684935738
:10BC200037009DBBBDCB3367D701E31C07DC0E0596
:10BC30001318D3010D813368A800935733007DBBDF
:10BC4000E30F08E2131836009317D7011358380092
:10BC50003368F80036849357370099B3B309DF414E
:10BC6000B307E340333F3F013386E7418544E1B406
:10BC7000131835009316D3011358380033E8060122
:10BC800093573300A5BBB389EE413306674033B900
:10BC90003E0133092641368445BC0E061318D701F0
:10BCA0000D823368C8009357370089BBB309DF4161
:10BCB000B307E34033363F013386C740931786000E
:10BCC00063D7070AB389EE41B3076740B3BE3E01AD
:10BCD0003386D7413684D1B43363E301333860000F
:10BCE000FDB3138805FE93070002B3590301638A6D
:10BCF000F50093070004B385B7403313B300336FE7
:10BD00006F003338E001336838017DB5B389EE4107
:10BD1000B3076740B3BE3E013386D74136848544BE
:10BD200019BC131836009317D7011358380033681D
:10BD3000F80093573700ADB1B309DF01B307E30053
:10BD400033BFE9013386E70193178600E3D907C2C1
:10BD5000B70780FFFD177D8E854415B10E061318B9
:10BD6000D7010D823368C8009357370035B133E8E7
:10BD7000C900E30608D021B1138805FE930700022D
:10BD8000B3590301638AF50093070004B385B740F4
:10BD90003313B300336F6F003338E0013368380179
:10BDA0003DB301441307F07FB707080035BCB30962
:10BDB000DF01B307E300B3BED9013386D70169BB06
:10BDC00013D74501B7071000FD171347F7FF13D826
:10BDD0004601FD8DF58F931657011378F87F99CAA8
:10BDE0001307F07F01456303E8008280D18F33356C
:10BDF000F0008280C98D0545E5D5828093D7450145
:10BE0000B70610001387F6FF93F7F77F1306E03F9E
:10BE10006D8FFD81635CF6001306D041635AF60016
:10BE2000370500801345F5FF2E95828001458280FD
:10BE3000130630431D8E7D48558F635DC800930601
:10BE40003041B387F640B357F7003305F040E5F1D2
:10BE50003E8582809387D7BEB317F7003355C50060
:10BE6000C98FE5B7411106C622C426C205CD935736
:10BE7000F541B3C4A7009D8C2A842685A12893068A
:10BE8000E041898EA9477D8093F6F67F63CDA702B6
:10BE90002D47098FB3D7E4005505B207B394A4002A
:10BEA000B18329A00144814681478144B207D2066B
:10BEB000B1837E04D58FC18FB24022442685BE85D2
:10BEC0009244410182805515B397A400B207B18313
:10BED0008144E9BFC167637EF5029307F00F130742
:10BEE000000263ECA7009707000093872729AA9711
:10BEF00003C507003305A740828021819707000012
:10BF00009387C727AA9703C5070061473305A74052
:10BF10008280B7070001636EF5006181970700001A
:10BF20009387C725AA9703C5070021473305A74074
:10BF3000828041819707000093874724AA9703C511
:10BF4000070041473305A7408280937735002A8751
:10BF5000A1E3B7867F7F9386F6F7FD551107032689
:10BF6000C7FFB377D600B697D18FD58FE388B7FEDA
:10BF70008346C7FFB307A7400346D7FF0345E7FF44
:10BF80008DC60DC23335A0003E9579158280F1D261
:10BF900083470700050793763700F5FB098F1305E4
:10BFA000F7FF82801385D7FF82801385C7FF8280C9
:10BFB0004E614E00494E46004F5600000000000002
:10BFC0007C9500002C9600002C9600002C9600001A
:10BFD0002C9600002C9600002C9600002C96000059
:10BFE0002C9600002C9600002C9600002C96000049
:10BFF0002C9600002C9600002C9600002C96000039
:10C000002C9600002C9600002C9600008E940000C8
:10C010002C9600002C9600002C9600002C96000018
:10C020002C9600002C9600002C9600002C96000008
:10C030002C960000769400009694000086940000F0
:10C040007C9500007C9500002C9600002C9600004A
:10C050002C9600002C9600002C9600002C960000D8
:10C060002C9600002C9600007E9400002C96000078
:10C070002C9600002C960000B29400002C96000034
:10C08000869400002C9600002C9600008E940000F0
:10C0900000000000006AF84000000000000024409A
:10C0A000F168E388B5F8E43E000000000000F03FCE
:10C0B000FFFFFFFFFFFFEF7F0000000000000040D8
:10C0C000434833327830333520626172652D6D65B7
:10C0D00074616C206669726D77617265207265614A
:10C0E00064790D0A000000004C454420746F6767B6
:10C0F0006C650D0A0000000096EBFFFF1AEAFFFFD7
:10C100002AEBFFFF32EBFFFF2AEBFFFF4AEAFFFFBC
:10C110002AEBFFFF32EBFFFF1AEAFFFF1AEAFFFFED
:10C120004AEAFFFF32EBFFFF8CEBFFFF8CEBFFFFD8
:10C130008CEBFFFF4AEAFFFFA6F2FFFF98F1FFFF3B
:10C1400098F1FFFF96F1FFFF9EF1FFFF9EF1FFFFC9
:10C1500064F1FFFF96F1FFFF9EF1FFFF64F1FFFF27
:10C160009EF1FFFF96F1FFFF92F2FFFF92F2FFFFB9
:10C1700092F2FFFF64F1FFFF0001020203030303D9
:10C180000404040404040404050505050505050567
:10C190000505050505050505060606060606060647
:10C1A000060606060606060606060606060606062F
:10C1B0000606060606060606070707070707070717
:10C1C00007070707070707070707070707070707FF
:10C1D00007070707070707070707070707070707EF
:10C1E00007070707070707070707070707070707DF
:10C1F00007070707070707070808080808080808C7
:10C2000008080808080808080808080808080808AE
:10C21000080808080808080808080808080808089E
:10C22000080808080808080808080808080808088E
:10C23000080808080808080808080808080808087E
:10C24000080808080808080808080808080808086E
:10C25000080808080808080808080808080808085E
:10C26000080808080808080808080808080808084E
:08C27000080808080808080886
:10C278001000000000000000017A5200017C01015A
:10C288001B0D0200100000001800000062D9FFFF1B
:10C298009803000000000000100000002C000000BF
:0CC2A800E6DCFFFF8E0300000000000039
:10C2B4000102030405060708010203040506070832
:10C2C4000102030405060708010203040506070822
:10C2D400006CDC02444444444444444444444444E0
:08C2E40000100000C027090052
:00000001FF
